time_ut,jr_max,mlat_at_max,jr_min,mlat_at_min
2025-05-10T00:00:00Z,0.9823,68.35,-0.8584,63.70
2025-05-10T00:10:00Z,0.9823,68.94,-0.6637,63.89
2025-05-10T00:20:00Z,0.9823,69.91,-0.6283,61.56
2025-05-10T00:30:00Z,0.9823,70.87,-0.6637,61.18
2025-05-10T00:40:00Z,0.9469,70.87,-0.3805,75.53
2025-05-10T00:50:00Z,0.9823,71.26,-0.3805,76.50
2025-05-10T01:00:00Z,0.6283,73.98,-0.5575,78.25
2025-05-10T01:10:00Z,0.3628,74.95,-0.5221,67.00
2025-05-10T01:20:00Z,0.3982,74.75,-0.5575,79.99
2025-05-10T01:30:00Z,0.6283,74.95,-0.6637,79.22
2025-05-10T01:40:00Z,0.7699,74.95,-0.4867,80.38
2025-05-10T01:50:00Z,0.5044,75.53,-0.4513,79.99
2025-05-10T02:00:00Z,0.5044,75.72,-0.6637,79.99
2025-05-10T02:10:00Z,0.9823,75.14,-0.5929,80.96
2025-05-10T02:20:00Z,0.9823,74.37,-0.7522,68.94
2025-05-10T02:30:00Z,0.9823,72.43,-0.7522,67.19
2025-05-10T02:40:00Z,0.9469,71.84,-0.6283,67.00
2025-05-10T02:50:00Z,0.9823,71.07,-0.7876,65.83
2025-05-10T03:00:00Z,0.9823,70.29,-0.7168,65.64
2025-05-10T03:10:00Z,0.9823,70.49,-0.9292,65.64
2025-05-10T03:20:00Z,0.9823,71.07,-0.9292,65.83
2025-05-10T03:30:00Z,0.9823,70.29,-0.7876,64.86
2025-05-10T03:40:00Z,0.9823,70.68,-0.6283,65.06
2025-05-10T03:50:00Z,0.9823,70.87,-0.4513,61.18
2025-05-10T04:00:00Z,0.9823,71.07,-0.6283,66.03
2025-05-10T04:10:00Z,0.9823,71.26,-0.4867,66.80
2025-05-10T04:20:00Z,0.9823,71.07,-0.6637,66.80
2025-05-10T04:30:00Z,0.8407,71.07,-0.5221,67.00
2025-05-10T04:40:00Z,0.9823,71.65,-0.5929,67.00
2025-05-10T04:50:00Z,0.9823,72.04,-0.5929,67.19
2025-05-10T05:00:00Z,0.9823,73.01,-0.6637,76.11
2025-05-10T05:10:00Z,0.8761,73.01,-0.6991,77.47
2025-05-10T05:20:00Z,0.8407,73.98,-0.6637,78.25
2025-05-10T05:30:00Z,0.6991,74.56,-0.6637,78.83
2025-05-10T05:40:00Z,0.7699,75.14,-0.6283,79.60
2025-05-10T05:50:00Z,0.4690,75.92,-0.6283,79.99
2025-05-10T06:00:00Z,0.5398,76.11,-0.4159,80.19
2025-05-10T06:10:00Z,0.4336,76.89,-0.3097,80.96
2025-05-10T06:20:00Z,0.6106,76.11,-0.3805,80.77
2025-05-10T06:30:00Z,0.5398,76.11,-0.4513,80.57
2025-05-10T06:40:00Z,0.7345,76.89,-0.4513,81.35
2025-05-10T06:50:00Z,0.6637,76.89,-0.4159,83.10
2025-05-10T07:00:00Z,0.5398,76.89,-0.3805,84.65
2025-05-10T07:10:00Z,0.5752,76.89,-0.3805,72.04
2025-05-10T07:20:00Z,0.5044,76.89,-0.3451,84.65
2025-05-10T07:30:00Z,0.7699,76.89,-0.3451,84.26
2025-05-10T07:40:00Z,0.6991,77.08,-0.2566,79.80
2025-05-10T07:50:00Z,0.4336,77.47,-0.3451,87.95
2025-05-10T08:00:00Z,0.5044,77.86,-0.3451,88.14
2025-05-10T08:10:00Z,0.2212,75.14,-0.5221,83.87
2025-05-10T08:20:00Z,0.6637,76.11,-0.3805,85.23
2025-05-10T08:30:00Z,0.7699,76.89,-0.4867,82.71
2025-05-10T08:40:00Z,0.5398,77.08,-0.3805,81.74
2025-05-10T08:50:00Z,0.4690,77.28,-0.4159,88.72
2025-05-10T09:00:00Z,0.4690,76.11,-0.4513,82.71
2025-05-10T09:10:00Z,0.5752,76.89,-0.4867,83.87
2025-05-10T09:20:00Z,0.6637,75.92,-0.3805,83.48
2025-05-10T09:30:00Z,0.8407,74.95,-0.5929,84.26
2025-05-10T09:40:00Z,0.8407,74.95,-0.4867,84.26
2025-05-10T09:50:00Z,0.6637,74.95,-0.3451,84.45
2025-05-10T10:00:00Z,0.9115,74.95,-0.7168,78.83
2025-05-10T10:10:00Z,0.9823,75.14,-0.5221,78.63
2025-05-10T10:20:00Z,0.7699,74.95,-0.4867,79.02
2025-05-10T10:30:00Z,0.9823,74.95,-0.7876,79.99
2025-05-10T10:40:00Z,0.8053,74.95,-0.4867,70.87
2025-05-10T10:50:00Z,0.6106,74.95,-0.4159,80.77
2025-05-10T11:00:00Z,0.9823,75.14,-0.6991,79.02
2025-05-10T11:10:00Z,0.8407,75.72,-0.6283,79.02
2025-05-10T11:20:00Z,0.7345,75.92,-0.4867,79.99
2025-05-10T11:30:00Z,0.8761,74.95,-0.4513,79.99
2025-05-10T11:40:00Z,0.9823,74.95,-0.5575,79.02
2025-05-10T11:50:00Z,0.9823,74.17,-0.4513,69.52
2025-05-10T12:00:00Z,0.9823,74.17,-0.3805,77.86
2025-05-10T12:10:00Z,0.9823,73.98,-0.6991,68.94
2025-05-10T12:20:00Z,0.8407,73.01,-0.4513,68.16
2025-05-10T12:30:00Z,0.9823,73.78,-0.4867,77.08
2025-05-10T12:40:00Z,0.9823,74.17,-0.5221,77.86
2025-05-10T12:50:00Z,0.9469,74.17,-0.4513,69.91
2025-05-10T13:00:00Z,0.9115,74.17,-0.4867,84.84
2025-05-10T13:10:00Z,0.9823,74.75,-0.4513,83.87
2025-05-10T13:20:00Z,0.9823,74.17,-0.4159,78.25
2025-05-10T13:30:00Z,0.9469,74.17,-0.3805,65.64
2025-05-10T13:40:00Z,0.8761,73.98,-0.3805,65.44
2025-05-10T13:50:00Z,0.7345,74.75,-0.3451,65.06
2025-05-10T14:00:00Z,0.6991,75.14,-0.3805,79.22
2025-05-10T14:10:00Z,0.6106,75.14,-0.3451,85.23
2025-05-10T14:20:00Z,0.6106,75.14,-0.3451,85.62
2025-05-10T14:30:00Z,0.5752,75.92,-0.3805,80.19
2025-05-10T14:40:00Z,0.5044,76.11,-0.2743,86.98
2025-05-10T14:50:00Z,0.5044,76.50,-0.3097,86.59
2025-05-10T15:00:00Z,0.5752,76.11,-0.3451,86.98
2025-05-10T15:10:00Z,0.7345,76.11,-0.4513,86.98
2025-05-10T15:20:00Z,0.5044,76.11,-0.3451,88.33
2025-05-10T15:30:00Z,0.6637,76.11,-0.2743,86.98
2025-05-10T15:40:00Z,0.6106,76.89,-0.3451,81.16
2025-05-10T15:50:00Z,0.6991,76.89,-0.3805,81.93
2025-05-10T16:00:00Z,0.6637,76.11,-0.2743,80.96
2025-05-10T16:10:00Z,0.5752,76.89,-0.2743,82.90
2025-05-10T16:20:00Z,0.4336,77.28,-0.2566,79.80
2025-05-10T16:30:00Z,0.5398,77.08,-0.2566,79.80
2025-05-10T16:40:00Z,0.5044,76.89,-0.2566,79.80
2025-05-10T16:50:00Z,0.5752,77.08,-0.2566,79.80
2025-05-10T17:00:00Z,0.6637,76.50,-0.2566,79.80
2025-05-10T17:10:00Z,0.8761,76.50,-0.2566,79.80
2025-05-10T17:20:00Z,0.9469,75.92,-0.3805,84.26
2025-05-10T17:30:00Z,0.9115,76.50,-0.4159,81.54
2025-05-10T17:40:00Z,0.8053,75.92,-0.3097,71.07
2025-05-10T17:50:00Z,0.7345,75.92,-0.3451,84.07
2025-05-10T18:00:00Z,0.3982,76.31,-0.2566,79.80
2025-05-10T18:10:00Z,0.5044,76.50,-0.2743,84.84
2025-05-10T18:20:00Z,0.3628,76.89,-0.3451,84.07
2025-05-10T18:30:00Z,0.3982,77.08,-0.2743,81.35
2025-05-10T18:40:00Z,0.5398,76.11,-0.2566,79.80
2025-05-10T18:50:00Z,0.6106,76.89,-0.4159,86.20
2025-05-10T19:00:00Z,0.5398,75.92,-0.3451,80.57
2025-05-10T19:10:00Z,0.5752,75.92,-0.2743,84.26
2025-05-10T19:20:00Z,0.3628,75.14,-0.4513,84.45
2025-05-10T19:30:00Z,0.4690,74.17,-0.4513,84.26
2025-05-10T19:40:00Z,0.6283,73.20,-0.3805,69.13
2025-05-10T19:50:00Z,0.6106,73.20,-0.3805,69.13
2025-05-10T20:00:00Z,0.6283,73.01,-0.3097,69.13
2025-05-10T20:10:00Z,0.5044,73.20,-0.3805,68.74
2025-05-10T20:20:00Z,0.6637,73.98,-0.4159,82.51
2025-05-10T20:30:00Z,0.6283,74.17,-0.3451,83.48
2025-05-10T20:40:00Z,0.8407,75.14,-0.4867,79.22
2025-05-10T20:50:00Z,0.9115,74.95,-0.4159,79.22
2025-05-10T21:00:00Z,0.9469,73.98,-0.4159,70.10
2025-05-10T21:10:00Z,0.9823,74.17,-0.5575,69.91
2025-05-10T21:20:00Z,0.9115,73.01,-0.5575,69.52
2025-05-10T21:30:00Z,0.9823,73.20,-0.5221,69.13
2025-05-10T21:40:00Z,0.6991,73.78,-0.3451,78.25
2025-05-10T21:50:00Z,0.6106,73.98,-0.3097,87.95
2025-05-10T22:00:00Z,0.9115,74.95,-0.5575,79.02
2025-05-10T22:10:00Z,0.6283,75.14,-0.4159,79.02
2025-05-10T22:20:00Z,0.7699,75.14,-0.4159,78.83
2025-05-10T22:30:00Z,0.6283,74.37,-0.3451,79.80
2025-05-10T22:40:00Z,0.6991,73.01,-0.3097,69.71
2025-05-10T22:50:00Z,0.9823,73.98,-0.4513,77.47
2025-05-10T23:00:00Z,0.6991,73.98,-0.3451,82.90
2025-05-10T23:10:00Z,0.6991,74.17,-0.3451,78.83
2025-05-10T23:20:00Z,0.6991,73.78,-0.2743,68.94
2025-05-10T23:30:00Z,0.9823,73.01,-0.4513,68.74
2025-05-10T23:40:00Z,0.9823,73.40,-0.3805,68.55
2025-05-10T23:50:00Z,0.9823,75.14,-0.3097,64.86
2025-05-11T00:00:00Z,0.9823,75.14,-0.2566,79.80
2025-05-11T00:10:00Z,0.7699,76.11,-0.3097,68.16
2025-05-11T00:20:00Z,0.9115,75.92,-0.2743,86.39
2025-05-11T00:30:00Z,0.9823,76.50,-0.2566,79.80
2025-05-11T00:40:00Z,0.9823,76.89,-0.3805,80.96
2025-05-11T00:50:00Z,0.9823,75.92,-0.3097,80.38
2025-05-11T01:00:00Z,0.9823,75.34,-0.3805,71.07
2025-05-11T01:10:00Z,0.8761,74.95,-0.2743,83.87
2025-05-11T01:20:00Z,0.9469,74.17,-0.4159,79.02
2025-05-11T01:30:00Z,0.8761,74.17,-0.4513,69.32
2025-05-11T01:40:00Z,0.9823,74.37,-0.5221,69.91
2025-05-11T01:50:00Z,0.9823,74.17,-0.6283,69.13
2025-05-11T02:00:00Z,0.9823,73.78,-0.6283,68.16
2025-05-11T02:10:00Z,0.9823,73.01,-0.8584,67.77
2025-05-11T02:20:00Z,0.9823,72.81,-0.5575,67.77
2025-05-11T02:30:00Z,0.9823,71.84,-0.8938,67.00
2025-05-11T02:40:00Z,0.9823,71.84,-1.0000,66.80
2025-05-11T02:50:00Z,0.9823,71.26,-0.8230,65.83
2025-05-11T03:00:00Z,0.9823,71.07,-0.8584,65.83
2025-05-11T03:10:00Z,0.9823,70.87,-0.9646,65.64
2025-05-11T03:20:00Z,0.9823,70.29,-1.0000,64.86
2025-05-11T03:30:00Z,0.9823,70.29,-1.0000,65.06
2025-05-11T03:40:00Z,0.9823,70.29,-0.8938,65.06
2025-05-11T03:50:00Z,0.9823,70.29,-0.8230,64.86
2025-05-11T04:00:00Z,0.9469,70.87,-0.5929,66.22
2025-05-11T04:10:00Z,0.9469,71.84,-0.7168,67.38
2025-05-11T04:20:00Z,0.9469,72.81,-0.6637,68.16
2025-05-11T04:30:00Z,0.7699,73.01,-0.5221,68.74
2025-05-11T04:40:00Z,0.6106,74.17,-0.3451,85.81
2025-05-11T04:50:00Z,0.5398,74.95,-0.4159,70.68
2025-05-11T05:00:00Z,0.4690,74.95,-0.4513,70.68
2025-05-11T05:10:00Z,0.4690,75.14,-0.4513,70.68
2025-05-11T05:20:00Z,0.4690,75.53,-0.3451,71.07
2025-05-11T05:30:00Z,0.3982,75.92,-0.3805,70.87
2025-05-11T05:40:00Z,0.2212,76.89,-0.3451,81.35
2025-05-11T05:50:00Z,0.3982,76.11,-0.4513,80.96
2025-05-11T06:00:00Z,0.5044,76.50,-0.4159,81.74
2025-05-11T06:10:00Z,0.6991,77.08,-0.3451,80.96
2025-05-11T06:20:00Z,0.5752,76.89,-0.3097,72.04
2025-05-11T06:30:00Z,0.6106,76.11,-0.3451,72.62
2025-05-11T06:40:00Z,0.7699,75.92,-0.4159,80.38
2025-05-11T06:50:00Z,0.8407,75.92,-0.6283,79.60
2025-05-11T07:00:00Z,0.9115,74.95,-0.4513,79.02
2025-05-11T07:10:00Z,0.9823,74.95,-0.5575,78.25
2025-05-11T07:20:00Z,0.9823,74.75,-0.4513,78.63
2025-05-11T07:30:00Z,0.9823,74.17,-0.4867,69.71
2025-05-11T07:40:00Z,0.9823,73.59,-0.5221,69.13
2025-05-11T07:50:00Z,0.8407,73.01,-0.4513,68.94
2025-05-11T08:00:00Z,0.9823,73.01,-0.4867,68.94
2025-05-11T08:10:00Z,0.9823,73.01,-0.5929,67.97
2025-05-11T08:20:00Z,0.9823,72.04,-0.5929,67.77
2025-05-11T08:30:00Z,0.9115,72.04,-0.3451,67.77
2025-05-11T08:40:00Z,0.9823,72.04,-0.4513,75.53
2025-05-11T08:50:00Z,0.9823,72.04,-0.4513,67.77
2025-05-11T09:00:00Z,0.9823,71.84,-0.6637,67.38
2025-05-11T09:10:00Z,0.9823,71.26,-0.6637,66.80
2025-05-11T09:20:00Z,0.9823,72.04,-0.5929,67.77
2025-05-11T09:30:00Z,0.9823,72.04,-0.8584,67.77
2025-05-11T09:40:00Z,0.9823,72.04,-0.6637,68.16
2025-05-11T09:50:00Z,0.9823,72.81,-0.6283,68.74
2025-05-11T10:00:00Z,0.9823,73.01,-0.5929,68.94
2025-05-11T10:10:00Z,0.9823,73.98,-0.7522,68.94
2025-05-11T10:20:00Z,0.9823,73.40,-0.5575,77.86
2025-05-11T10:30:00Z,0.8053,74.75,-0.5575,70.87
2025-05-11T10:40:00Z,0.9823,74.95,-0.6283,70.29
2025-05-11T10:50:00Z,0.9823,74.37,-0.7876,69.91
2025-05-11T11:00:00Z,0.9823,73.40,-0.8584,68.94
2025-05-11T11:10:00Z,0.9823,73.01,-0.6991,68.55
2025-05-11T11:20:00Z,0.9823,73.01,-0.7876,68.74
2025-05-11T11:30:00Z,0.9823,73.78,-0.7168,69.13
2025-05-11T11:40:00Z,0.9823,73.20,-0.7168,68.74
2025-05-11T11:50:00Z,0.9823,73.01,-0.4867,68.16
2025-05-11T12:00:00Z,0.9823,71.26,-0.5221,67.19
2025-05-11T12:10:00Z,0.6637,72.04,-0.3451,84.26
2025-05-11T12:20:00Z,0.1327,69.91,-0.3097,82.51
2025-05-11T12:30:00Z,0.2920,73.01,-0.7876,80.19
2025-05-11T12:40:00Z,0.2920,73.01,-0.5575,81.54
2025-05-11T12:50:00Z,0.6991,73.98,-0.5575,78.44
2025-05-11T13:00:00Z,0.7699,75.14,-0.4867,84.84
2025-05-11T13:10:00Z,0.9823,74.75,-0.4159,79.22
2025-05-11T13:20:00Z,0.9823,74.17,-0.4159,88.72
2025-05-11T13:30:00Z,0.9469,73.78,-0.3451,67.00
2025-05-11T13:40:00Z,0.9823,74.17,-0.4513,77.86
2025-05-11T13:50:00Z,0.6637,74.56,-0.3451,64.86
2025-05-11T14:00:00Z,0.8407,74.17,-0.4867,69.91
2025-05-11T14:10:00Z,0.8053,74.17,-0.3451,69.71
2025-05-11T14:20:00Z,0.9823,74.17,-0.4159,68.94
2025-05-11T14:30:00Z,0.9115,74.95,-0.3451,65.25
2025-05-11T14:40:00Z,0.8053,74.37,-0.3805,64.67
2025-05-11T14:50:00Z,0.9823,74.17,-0.3805,63.70
2025-05-11T15:00:00Z,0.8407,75.14,-0.3097,63.89
2025-05-11T15:10:00Z,0.8407,75.92,-0.4867,79.99
2025-05-11T15:20:00Z,0.9823,76.69,-0.4867,80.96
2025-05-11T15:30:00Z,0.6991,76.89,-0.3805,88.33
2025-05-11T15:40:00Z,0.6637,76.89,-0.4159,72.81
2025-05-11T15:50:00Z,0.5752,77.86,-0.3451,82.13
2025-05-11T16:00:00Z,0.3628,78.25,-0.2566,79.80
2025-05-11T16:10:00Z,0.5044,79.02,-0.5221,83.10
2025-05-11T16:20:00Z,0.3982,79.02,-0.5221,83.10
2025-05-11T16:30:00Z,0.5044,77.47,-0.5221,82.13
2025-05-11T16:40:00Z,0.3274,77.86,-0.4513,83.10
2025-05-11T16:50:00Z,0.4336,77.86,-0.3805,86.01
2025-05-11T17:00:00Z,0.5398,79.02,-0.3805,84.26
2025-05-11T17:10:00Z,0.5398,79.02,-0.5929,84.07
2025-05-11T17:20:00Z,0.5752,79.02,-0.7168,83.87
2025-05-11T17:30:00Z,0.5752,79.02,-0.7876,84.07
2025-05-11T17:40:00Z,0.5752,88.72,-0.7522,84.26
2025-05-11T17:50:00Z,0.8053,77.86,-0.9292,83.10
2025-05-11T18:00:00Z,0.6106,77.86,-0.3097,81.74
2025-05-11T18:10:00Z,0.9823,77.86,-0.3451,87.75
2025-05-11T18:20:00Z,0.9823,76.31,-0.3097,71.65
2025-05-11T18:30:00Z,0.9823,75.34,-0.2743,83.87
2025-05-11T18:40:00Z,0.9823,74.95,-0.4513,69.32
2025-05-11T18:50:00Z,0.9823,74.17,-0.4513,69.13
2025-05-11T19:00:00Z,0.9823,73.98,-0.6283,68.94
2025-05-11T19:10:00Z,0.9823,73.98,-0.3451,68.94
2025-05-11T19:20:00Z,0.9823,72.81,-0.2566,79.80
2025-05-11T19:30:00Z,0.9823,72.04,-0.3805,66.80
2025-05-11T19:40:00Z,0.9823,71.07,-0.4159,65.64
2025-05-11T19:50:00Z,0.9823,68.94,-0.7168,64.67
2025-05-11T20:00:00Z,0.9823,69.13,-0.6991,64.09
2025-05-11T20:10:00Z,0.9469,68.94,-0.5221,63.50
2025-05-11T20:20:00Z,0.9115,68.55,-0.3805,62.34
2025-05-11T20:30:00Z,0.9823,68.94,-0.4513,60.21
2025-05-11T20:40:00Z,0.9823,69.13,-0.4513,59.82
2025-05-11T20:50:00Z,0.9823,69.71,-0.4513,60.01
2025-05-11T21:00:00Z,0.9823,70.10,-0.5575,60.98
2025-05-11T21:10:00Z,0.9823,69.91,-0.8230,64.86
2025-05-11T21:20:00Z,0.9823,70.29,-0.5929,60.59
2025-05-11T21:30:00Z,0.9823,70.10,-0.8584,64.67
2025-05-11T21:40:00Z,0.9823,69.71,-0.5929,61.18
2025-05-11T21:50:00Z,0.9823,68.94,-0.6637,60.01
2025-05-11T22:00:00Z,0.9823,69.32,-0.7522,65.06
2025-05-11T22:10:00Z,0.9823,69.91,-1.0000,65.06
2025-05-11T22:20:00Z,0.9823,69.91,-0.9292,64.67
2025-05-11T22:30:00Z,0.9823,69.13,-0.6637,64.09
2025-05-11T22:40:00Z,0.9823,69.13,-0.8938,64.09
2025-05-11T22:50:00Z,0.4690,70.29,-0.6637,63.50
2025-05-11T23:00:00Z,0.5044,72.04,-0.5575,63.89
2025-05-11T23:10:00Z,0.5398,73.01,-0.5929,77.66
2025-05-11T23:20:00Z,0.5044,73.98,-0.5221,78.25
2025-05-11T23:30:00Z,0.5044,74.17,-0.6637,78.63
2025-05-11T23:40:00Z,0.5752,74.95,-0.8230,79.02
2025-05-11T23:50:00Z,0.6283,74.75,-0.6637,79.60
2025-05-12T00:00:00Z,0.4336,74.75,-0.7522,84.07
2025-05-12T00:10:00Z,0.3274,75.14,-0.7168,84.26
2025-05-12T00:20:00Z,0.6106,75.14,-0.6637,84.45
2025-05-12T00:30:00Z,0.3628,76.89,-0.5575,81.74
2025-05-12T00:40:00Z,0.2212,75.14,-0.4867,84.84
2025-05-12T00:50:00Z,0.4690,76.11,-0.7522,80.96
2025-05-12T01:00:00Z,0.4336,76.11,-0.5929,80.77
2025-05-12T01:10:00Z,0.1327,79.99,-0.5221,83.10
2025-05-12T01:20:00Z,0.2566,75.53,-0.4867,83.48
2025-05-12T01:30:00Z,0.3628,76.89,-0.5575,81.74
2025-05-12T01:40:00Z,0.2920,74.17,-0.3805,82.13
2025-05-12T01:50:00Z,0.4690,76.89,-0.7168,81.16
2025-05-12T02:00:00Z,0.4690,75.53,-0.3805,84.84
2025-05-12T02:10:00Z,0.4336,75.72,-0.4867,80.96
2025-05-12T02:20:00Z,0.3982,76.11,-0.4867,82.51
2025-05-12T02:30:00Z,0.5752,76.11,-0.5929,82.13
2025-05-12T02:40:00Z,0.6106,76.11,-0.3805,80.38
2025-05-12T02:50:00Z,0.6991,76.89,-0.5929,82.13
2025-05-12T03:00:00Z,0.5752,76.11,-0.3451,85.23
2025-05-12T03:10:00Z,0.6106,76.50,-0.4513,85.23
2025-05-12T03:20:00Z,0.5044,76.89,-0.7168,82.51
2025-05-12T03:30:00Z,0.4336,76.50,-0.4159,82.71
2025-05-12T03:40:00Z,0.5752,76.89,-0.6637,83.87
2025-05-12T03:50:00Z,0.5752,76.50,-0.5929,80.77
2025-05-12T04:00:00Z,0.8053,76.11,-0.9646,81.93
2025-05-12T04:10:00Z,0.7699,76.11,-0.7876,86.01
2025-05-12T04:20:00Z,0.6637,76.69,-0.5929,86.20
2025-05-12T04:30:00Z,0.6283,77.08,-0.5929,82.51
2025-05-12T04:40:00Z,0.5044,76.89,-0.5575,85.81
2025-05-12T04:50:00Z,0.5398,76.50,-0.5929,84.26
2025-05-12T05:00:00Z,0.7699,76.89,-0.4867,85.62
2025-05-12T05:10:00Z,0.7345,76.89,-0.4513,85.23
2025-05-12T05:20:00Z,0.9823,76.31,-0.5575,85.81
2025-05-12T05:30:00Z,0.9823,75.92,-0.5221,79.99
2025-05-12T05:40:00Z,0.9823,75.34,-0.5221,69.91
2025-05-12T05:50:00Z,0.9823,75.14,-0.6637,70.68
2025-05-12T06:00:00Z,0.9823,75.14,-0.6283,79.60
2025-05-12T06:10:00Z,0.6991,75.92,-0.5221,84.26
2025-05-12T06:20:00Z,0.7699,75.53,-0.6637,80.77
2025-05-12T06:30:00Z,0.6637,75.72,-0.7168,80.77
2025-05-12T06:40:00Z,0.6283,76.11,-0.5575,84.84
2025-05-12T06:50:00Z,0.5398,75.92,-0.6991,80.96
2025-05-12T07:00:00Z,0.6637,76.11,-0.7876,80.96
2025-05-12T07:10:00Z,0.9469,76.11,-1.0000,80.96
2025-05-12T07:20:00Z,0.3982,76.89,-1.0000,82.51
2025-05-12T07:30:00Z,0.5398,76.69,-0.6283,85.04
2025-05-12T07:40:00Z,0.4690,77.08,-0.6991,82.13
2025-05-12T07:50:00Z,0.6283,77.47,-0.6637,81.74
2025-05-12T08:00:00Z,0.6106,76.89,-0.5929,83.10
2025-05-12T08:10:00Z,0.8407,75.72,-0.6991,83.10
2025-05-12T08:20:00Z,0.7699,76.11,-0.4867,81.74
2025-05-12T08:30:00Z,0.9115,74.95,-0.4159,80.38
2025-05-12T08:40:00Z,0.9823,74.95,-0.4867,84.26
2025-05-12T08:50:00Z,0.9823,74.17,-0.7168,83.48
2025-05-12T09:00:00Z,0.9823,74.37,-0.5929,70.10
2025-05-12T09:10:00Z,0.9823,74.17,-0.6991,69.13
2025-05-12T09:20:00Z,0.9823,73.78,-0.6283,69.13
2025-05-12T09:30:00Z,0.9823,73.98,-0.6637,69.52
2025-05-12T09:40:00Z,0.9823,74.17,-0.6991,69.52
2025-05-12T09:50:00Z,0.7345,74.95,-0.5929,79.02
2025-05-12T10:00:00Z,0.7345,74.75,-0.4867,85.62
2025-05-12T10:10:00Z,0.8053,74.17,-0.4867,84.07
2025-05-12T10:20:00Z,0.7699,74.95,-0.3451,87.56
2025-05-12T10:30:00Z,0.8407,74.37,-0.5221,79.02
2025-05-12T10:40:00Z,0.9115,74.95,-0.5929,78.83
2025-05-12T10:50:00Z,0.7699,74.95,-0.3451,87.36
2025-05-12T11:00:00Z,0.7345,75.14,-0.3451,79.60
2025-05-12T11:10:00Z,0.8053,74.95,-0.3805,79.80
2025-05-12T11:20:00Z,0.6283,75.14,-0.4513,79.22
2025-05-12T11:30:00Z,0.6106,75.53,-0.4867,80.96
2025-05-12T11:40:00Z,0.4336,75.92,-0.5929,79.99
2025-05-12T11:50:00Z,0.6283,75.92,-0.4513,79.99
2025-05-12T12:00:00Z,0.6637,75.92,-0.4513,79.99
2025-05-12T12:10:00Z,0.5752,76.11,-0.4513,80.96
2025-05-12T12:20:00Z,0.9823,75.72,-0.6283,79.99
2025-05-12T12:30:00Z,0.8761,75.14,-0.4159,84.26
2025-05-12T12:40:00Z,0.9823,75.92,-0.3097,79.22
2025-05-12T12:50:00Z,0.9823,75.92,-0.4513,84.26
2025-05-12T13:00:00Z,0.9469,75.14,-0.3451,65.83
2025-05-12T13:10:00Z,0.8761,75.14,-0.4867,79.22
2025-05-12T13:20:00Z,0.6106,75.14,-0.2566,79.80
2025-05-12T13:30:00Z,0.6637,76.11,-0.3805,79.99
2025-05-12T13:40:00Z,0.5752,76.50,-0.3805,70.87
2025-05-12T13:50:00Z,0.6637,76.89,-0.5575,80.96
2025-05-12T14:00:00Z,0.4336,77.28,-0.3097,81.35
2025-05-12T14:10:00Z,0.5044,77.08,-0.5221,80.96
2025-05-12T14:20:00Z,0.3982,77.86,-0.3097,81.74
2025-05-12T14:30:00Z,0.5398,76.89,-0.5221,80.96
2025-05-12T14:40:00Z,0.4336,77.28,-0.4867,81.35
2025-05-12T14:50:00Z,0.3982,77.86,-0.3451,81.74
2025-05-12T15:00:00Z,0.3628,77.86,-0.2743,81.74
2025-05-12T15:10:00Z,0.3982,77.86,-0.3451,82.13
2025-05-12T15:20:00Z,0.3274,77.86,-0.4159,81.93
2025-05-12T15:30:00Z,0.3982,76.89,-0.3097,81.74
2025-05-12T15:40:00Z,0.4336,77.28,-0.5221,80.96
2025-05-12T15:50:00Z,0.5752,77.86,-0.3451,73.78
2025-05-12T16:00:00Z,0.5044,77.66,-0.4159,81.74
2025-05-12T16:10:00Z,0.4336,77.28,-0.4867,81.74
2025-05-12T16:20:00Z,0.5044,76.89,-0.5575,80.96
2025-05-12T16:30:00Z,0.3628,77.08,-0.2566,79.80
2025-05-12T16:40:00Z,0.3628,77.86,-0.3805,81.93
2025-05-12T16:50:00Z,0.3274,78.25,-0.3451,82.32
2025-05-12T17:00:00Z,0.2920,77.86,-0.4867,83.10
2025-05-12T17:10:00Z,0.2566,79.22,-0.3097,85.23
2025-05-12T17:20:00Z,0.2920,78.83,-0.4159,85.62
2025-05-12T17:30:00Z,0.2920,79.22,-0.2212,69.71
2025-05-12T17:40:00Z,0.3982,78.63,-0.2212,69.71
2025-05-12T17:50:00Z,0.5398,78.83,-0.5221,82.90
2025-05-12T18:00:00Z,0.6106,79.22,-0.6283,83.10
2025-05-12T18:10:00Z,0.3274,79.60,-0.4513,87.56
2025-05-12T18:20:00Z,0.3982,79.02,-0.5575,82.71
2025-05-12T18:30:00Z,0.3628,78.25,-0.5929,82.13
2025-05-12T18:40:00Z,0.5398,88.33,-0.6637,83.87
2025-05-12T18:50:00Z,0.1327,79.99,-0.5575,84.26
2025-05-12T19:00:00Z,0.1327,79.99,-0.4867,84.84
2025-05-12T19:10:00Z,0.3628,88.72,-0.4867,84.65
2025-05-12T19:20:00Z,0.2566,79.22,-0.5929,83.10
2025-05-12T19:30:00Z,0.2212,78.83,-0.5929,84.26
2025-05-12T19:40:00Z,0.2212,79.02,-0.6283,83.87
2025-05-12T19:50:00Z,0.1327,79.99,-0.5929,88.14
2025-05-12T20:00:00Z,0.3982,88.72,-0.4159,85.62
2025-05-12T20:10:00Z,0.2920,78.63,-0.2743,86.01
2025-05-12T20:20:00Z,0.1858,78.44,-0.3451,81.93
2025-05-12T20:30:00Z,0.5044,77.86,-0.5575,82.90
2025-05-12T20:40:00Z,0.6637,79.02,-0.7876,82.71
2025-05-12T20:50:00Z,0.6991,79.02,-0.7876,82.71
2025-05-12T21:00:00Z,0.5044,78.25,-0.5929,82.13
2025-05-12T21:10:00Z,0.3628,78.44,-0.6283,82.51
2025-05-12T21:20:00Z,0.2920,79.02,-0.4867,82.71
2025-05-12T21:30:00Z,0.5398,77.86,-0.5929,82.13
2025-05-12T21:40:00Z,0.3274,78.25,-0.4513,82.90
2025-05-12T21:50:00Z,0.4690,78.44,-0.5575,83.48
2025-05-12T22:00:00Z,0.5044,77.86,-0.4513,84.45
2025-05-12T22:10:00Z,0.6106,77.86,-0.4159,88.14
2025-05-12T22:20:00Z,0.6283,78.63,-0.4867,88.72
2025-05-12T22:30:00Z,0.5044,76.89,-0.3805,88.72
2025-05-12T22:40:00Z,0.9823,77.86,-0.7522,81.35
2025-05-12T22:50:00Z,0.9823,77.28,-0.3805,85.04
2025-05-12T23:00:00Z,0.7699,77.08,-0.4159,85.81
2025-05-12T23:10:00Z,0.7699,76.89,-0.4867,80.96
2025-05-12T23:20:00Z,0.7345,77.28,-0.4513,80.96
2025-05-12T23:30:00Z,0.5398,76.89,-0.3805,84.84
2025-05-12T23:40:00Z,0.4690,78.25,-0.6283,83.10
2025-05-12T23:50:00Z,0.4690,78.44,-0.6637,84.07
