mlat_center,mlt_center,median_sigma_phi,n
51.5,0.5,0.02585379230819075,786
51.5,1.5,0.02629730379089085,826
51.5,2.5,0.02506630312978535,830
51.5,3.5,0.02364311781183425,814
51.5,4.5,0.022669688927943,767
51.5,5.5,0.02307344055307035,860
51.5,6.5,0.023721906416168947,914
51.5,7.5,0.0240853150679749,979
51.5,8.5,0.0236075860620745,1008
51.5,9.5,0.0234120162262038,965
51.5,10.5,0.022537925707196,1005
51.5,11.5,0.0230849642519407,886
51.5,12.5,0.0241654129740632,701
51.5,13.5,0.0252986935000811,632
51.5,14.5,0.0253284832776717,751
51.5,15.5,0.025310411930767,781
51.5,16.5,0.024639384155613703,766
51.5,17.5,0.0237145120580051,755
51.5,18.5,0.0234411644143728,797
51.5,19.5,0.0231334952176917,763
51.5,20.5,0.022903116953831,819
51.5,21.5,0.0234759852141117,724
51.5,22.5,0.0251342185198341,758
51.5,23.5,0.0259453810382167,791
54.5,0.5,0.0228848387426912,2077
54.5,1.5,0.0215826978390099,1936
54.5,2.5,0.02082998929225905,1856
54.5,3.5,0.0211384528798768,1527
54.5,4.5,0.0214128188725128,1485
54.5,5.5,0.0212506053242437,1739
54.5,6.5,0.0224155303546688,1877
54.5,7.5,0.0211891966958684,1969
54.5,8.5,0.0199969566407089,2178
54.5,9.5,0.02053430739651245,1874
54.5,10.5,0.0210942748978509,1587
54.5,11.5,0.0208095719611157,1737
54.5,12.5,0.0209785156135419,1579
54.5,13.5,0.0227907424633213,1740
54.5,14.5,0.0233713957827148,2234
54.5,15.5,0.022909736289715,2293
54.5,16.5,0.022635285774737,1959
54.5,17.5,0.02102452770503605,2486
54.5,18.5,0.0216045001856637,2139
54.5,19.5,0.0219547821340723,1875
54.5,20.5,0.021601953570625998,2138
54.5,21.5,0.0227444646982238,2155
54.5,22.5,0.0239941451892968,2309
54.5,23.5,0.0222948201441986,2457
57.5,0.5,0.0252435242202979,6381
57.5,1.5,0.02517696362737935,6464
57.5,2.5,0.02393129954535365,6420
57.5,3.5,0.023644467067317702,6426
57.5,4.5,0.0236558108920798,6005
57.5,5.5,0.02405264827489715,5620
57.5,6.5,0.0229808863775635,6026
57.5,7.5,0.023240812635507,6252
57.5,8.5,0.023537070425773,6419
57.5,9.5,0.0231849233921021,6941
57.5,10.5,0.023458864564307,6947
57.5,11.5,0.0231934241376258,6709
57.5,12.5,0.02316854570693115,6254
57.5,13.5,0.0232746753105393,5499
57.5,14.5,0.0239976737500256,5725
57.5,15.5,0.0241364921372069,6389
57.5,16.5,0.02323449789855655,6402
57.5,17.5,0.0234188075286335,6465
57.5,18.5,0.0233481422443963,6883
57.5,19.5,0.0228518018523558,6777
57.5,20.5,0.0231637437401058,6247
57.5,21.5,0.0240418214395718,5847
57.5,22.5,0.0244658338410616,6239
57.5,23.5,0.025902680085847403,6256
60.5,0.5,0.0344571392147343,7604
60.5,1.5,0.033530320153629,7095
60.5,2.5,0.0327102974853205,6705
60.5,3.5,0.0303892888965591,6635
60.5,4.5,0.0302637376455126,6402
60.5,5.5,0.0274265122412458,6643
60.5,6.5,0.028030558650031,7362
60.5,7.5,0.0303326387785272,7437
60.5,8.5,0.0297262604307952,7628
60.5,9.5,0.0268763275472424,7533
60.5,10.5,0.0256442079338571,7112
60.5,11.5,0.0249900143735117,7293
60.5,12.5,0.02614341981056045,7430
60.5,13.5,0.0286906215583405,7086
60.5,14.5,0.0281724472195922,7461
60.5,15.5,0.02878263856018735,7544
60.5,16.5,0.0323329069148627,7491
60.5,17.5,0.0286006982680444,7866
60.5,18.5,0.02543149000950955,7502
60.5,19.5,0.02678488159536015,7234
60.5,20.5,0.0286685778263499,7314
60.5,21.5,0.02935495455185535,7492
60.5,22.5,0.0329426406055012,7766
60.5,23.5,0.0349249305015822,8124
63.5,0.5,0.0364193226968826,11793
63.5,1.5,0.0394418339350404,11903
63.5,2.5,0.0391060294280262,11827
63.5,3.5,0.0354665162485785,11921
63.5,4.5,0.0320695888523185,11751
63.5,5.5,0.0296773345950708,10819
63.5,6.5,0.0267167199521198,10689
63.5,7.5,0.0252980536724478,11055
63.5,8.5,0.0250113974019845,11027
63.5,9.5,0.025086417221803,11922
63.5,10.5,0.0252232382840376,12765
63.5,11.5,0.0261669263491875,12478
63.5,12.5,0.0246702661365232,11889
63.5,13.5,0.024268859706679198,10872
63.5,14.5,0.0252018197616248,10801
63.5,15.5,0.02533396899958825,11752
63.5,16.5,0.0249510430571451,11945
63.5,17.5,0.0252267518219332,12142
63.5,18.5,0.0261793470493412,12713
63.5,19.5,0.0289269823100422,12815
63.5,20.5,0.03031994694606035,11902
63.5,21.5,0.03290013923511635,10892
63.5,22.5,0.03304851820823545,11314
63.5,23.5,0.0345260990949442,11472
66.5,0.5,0.0382622994092823,10563
66.5,1.5,0.0369167573576423,10308
66.5,2.5,0.0338494602148348,10669
66.5,3.5,0.03249601821637,10134
66.5,4.5,0.0295589242023453,10098
66.5,5.5,0.0278839922017424,10986
66.5,6.5,0.0265279212093715,10868
66.5,7.5,0.0253408632437084,10093
66.5,8.5,0.0242494927946056,10075
66.5,9.5,0.0241659170427456,9259
66.5,10.5,0.0232280871418627,10226
66.5,11.5,0.02261633082520825,11672
66.5,12.5,0.0233633270974889,11037
66.5,13.5,0.0242531137346515,10567
66.5,14.5,0.0247026418082503,11107
66.5,15.5,0.0255972905552371,10608
66.5,16.5,0.02624497584029835,10236
66.5,17.5,0.0266351386048043,10371
66.5,18.5,0.0278246601501439,10943
66.5,19.5,0.0274596720007163,10955
66.5,20.5,0.029542209739047802,11334
66.5,21.5,0.0323974416579159,10762
66.5,22.5,0.0354697086877318,10145
66.5,23.5,0.03880300730128025,10822
69.5,0.5,0.0473167381229331,7739
69.5,1.5,0.04309118161242745,6884
69.5,2.5,0.0356717052535749,7075
69.5,3.5,0.031735944294962404,6800
69.5,4.5,0.0305979649600898,6246
69.5,5.5,0.027933978743327252,6924
69.5,6.5,0.0266537949456107,7633
69.5,7.5,0.0254909932323404,7504
69.5,8.5,0.0251943938847073,7319
69.5,9.5,0.0243307945472089,7193
69.5,10.5,0.0234028278275491,6909
69.5,11.5,0.022640569706106853,7146
69.5,12.5,0.0230149283859914,7150
69.5,13.5,0.0254167681413478,7003
69.5,14.5,0.0274785628285677,7735
69.5,15.5,0.0278426913067908,8029
69.5,16.5,0.0285133172957401,7274
69.5,17.5,0.029397245619689,7133
69.5,18.5,0.02772297222653545,6752
69.5,19.5,0.0285133172957401,6579
69.5,20.5,0.03163214082417815,6970
69.5,21.5,0.0375663149269703,7423
69.5,22.5,0.0445386632548267,7937
69.5,23.5,0.0465659783705309,8453
72.5,0.5,0.043825695955263796,6576
72.5,1.5,0.039894473929534546,6046
72.5,2.5,0.0374768651837396,6077
72.5,3.5,0.0359241630105422,5506
72.5,4.5,0.0337229896034622,5210
72.5,5.5,0.0317138930642152,5821
72.5,6.5,0.029022515239425402,6254
72.5,7.5,0.02796588531717255,6634
72.5,8.5,0.0266784251081167,6698
72.5,9.5,0.0251550776327193,6099
72.5,10.5,0.0250514933490242,5331
72.5,11.5,0.0257296389184357,5363
72.5,12.5,0.0268094928822891,5979
72.5,13.5,0.0295653607482408,6051
72.5,14.5,0.0319697382256066,6284
72.5,15.5,0.0336236925148202,6704
72.5,16.5,0.0342684264617684,6339
72.5,17.5,0.032004952692595096,6504
72.5,18.5,0.031079751467590552,5762
72.5,19.5,0.0314886685749443,5494
72.5,20.5,0.0348260586885404,5511
72.5,21.5,0.0389728354205718,5897
72.5,22.5,0.0439616390798731,6249
72.5,23.5,0.0443465106764898,6861
75.5,0.5,0.05203502784223665,12422
75.5,1.5,0.0498452709622753,12595
75.5,2.5,0.047658002385703196,12354
75.5,3.5,0.0482911473116046,13256
75.5,4.5,0.0452791397388948,12645
75.5,5.5,0.0436861867998464,11534
75.5,6.5,0.0431291271424396,11725
75.5,7.5,0.04232922515314695,12280
75.5,8.5,0.043645709656437354,12464
75.5,9.5,0.0459643799371446,13739
75.5,10.5,0.0380177563943201,13733
75.5,11.5,0.0361743343530716,13157
75.5,12.5,0.0422138504247862,12536
75.5,13.5,0.0450372419453937,12011
75.5,14.5,0.04802840533137205,11264
75.5,15.5,0.0488001009046034,12181
75.5,16.5,0.0413027815238155,13167
75.5,17.5,0.0394064668866006,12815
75.5,18.5,0.0403069608333002,12689
75.5,19.5,0.042985419054343804,13422
75.5,20.5,0.049273109048197,12556
75.5,21.5,0.05258838170528855,12258
75.5,22.5,0.0552130154721344,11953
75.5,23.5,0.055377047081116,11791
78.5,0.5,0.0457041393167883,8222
78.5,1.5,0.0415414726027547,8735
78.5,2.5,0.04165551833380535,8914
78.5,3.5,0.0421616231172194,8725
78.5,4.5,0.0471203447038618,8841
78.5,5.5,0.0477297795724337,9714
78.5,6.5,0.0487792142841038,9823
78.5,7.5,0.0525591442604184,9169
78.5,8.5,0.0581548150129867,8309
78.5,9.5,0.0663997571764799,8575
78.5,10.5,0.0701764276393432,9843
78.5,11.5,0.0709116406281076,9282
78.5,12.5,0.0772054683750443,9089
78.5,13.5,0.07325201452302976,9756
78.5,14.5,0.0640864955180612,9799
78.5,15.5,0.05969862146080175,9360
78.5,16.5,0.057097665072098305,9542
78.5,17.5,0.054495456386366506,9052
78.5,18.5,0.0513022111364994,9727
78.5,19.5,0.04786625431097265,9154
78.5,20.5,0.05364262522979925,9174
78.5,21.5,0.0540013283533912,9533
78.5,22.5,0.0503342298553829,9598
78.5,23.5,0.0488792686439745,8770
81.5,0.5,0.03900318082996,7934
81.5,1.5,0.036269088868436855,7650
81.5,2.5,0.0356926508444581,7480
81.5,3.5,0.0361667518393144,7297
81.5,4.5,0.0385832284100298,7291
81.5,5.5,0.0432562177928334,6987
81.5,6.5,0.0446244732446806,6939
81.5,7.5,0.0498933269650628,7023
81.5,8.5,0.0499652839358508,7654
81.5,9.5,0.053631008985487,8256
81.5,10.5,0.0610145154075389,7951
81.5,11.5,0.0627886513899692,7691
81.5,12.5,0.06101108433121665,7352
81.5,13.5,0.061364144965472,6467
81.5,14.5,0.0573877854339439,6814
81.5,15.5,0.05679337169970575,6806
81.5,16.5,0.0606704732133074,7002
81.5,17.5,0.0568072291087827,7418
81.5,18.5,0.0586453006272779,6886
81.5,19.5,0.053460058894284,6968
81.5,20.5,0.0528590988420749,6548
81.5,21.5,0.048700374613812894,6506
81.5,22.5,0.0456265997429446,6857
81.5,23.5,0.0445174144499779,7523
84.5,0.5,0.0368276588950489,4089
84.5,1.5,0.03452694308478025,3992
84.5,2.5,0.03402348528094315,4154
84.5,3.5,0.0352215166309292,4215
84.5,4.5,0.036796896726011954,4146
84.5,5.5,0.0387499740341765,4547
84.5,6.5,0.04001735502339705,3970
84.5,7.5,0.0402885116608088,3673
84.5,8.5,0.0428341270475208,4034
84.5,9.5,0.04131260712937165,4112
84.5,10.5,0.0402426227596705,4235
84.5,11.5,0.0392224186531121,4857
84.5,12.5,0.0452641911458627,4628
84.5,13.5,0.0449013579293767,4428
84.5,14.5,0.0478572090696746,4758
84.5,15.5,0.04899854248558985,4348
84.5,16.5,0.0484063038566676,4346
84.5,17.5,0.048123642278525,4270
84.5,18.5,0.0495122217416212,4295
84.5,19.5,0.04883308409440535,4410
84.5,20.5,0.046126475166731795,4734
84.5,21.5,0.0433262912381536,4454
84.5,22.5,0.0421363932424785,4009
84.5,23.5,0.0385930378023129,3999
87.5,0.5,0.03393551049130055,1634
87.5,1.5,0.0296891622635706,1606
87.5,2.5,0.0285153843850274,1413
87.5,3.5,0.0301109500303803,1463
87.5,4.5,0.0280117407751434,1462
87.5,5.5,0.03033449422225825,1388
87.5,6.5,0.0310938564807846,1483
87.5,7.5,0.0307089760703325,1645
87.5,8.5,0.03078862480375545,1432
87.5,9.5,0.028822475222312002,1566
87.5,10.5,0.0321936676869744,1799
87.5,11.5,0.03259297740283805,1590
87.5,12.5,0.0350509164235076,1395
87.5,13.5,0.034590055499002,1651
87.5,14.5,0.0374913598379956,1507
87.5,15.5,0.03768351310245045,1444
87.5,16.5,0.0395835101694999,1414
87.5,17.5,0.0367573345221189,1444
87.5,18.5,0.035897330157105944,1632
87.5,19.5,0.036139308679978846,1586
87.5,20.5,0.0340752033578856,1284
87.5,21.5,0.0375689419732764,1520
87.5,22.5,0.03217205298352205,1626
87.5,23.5,0.0333005341095168,1434
89.5,0.5,0.029606998884657253,162
89.5,1.5,0.0296198843689264,133
89.5,2.5,0.0244640647727189,121
89.5,3.5,0.0244640647727189,99
89.5,4.5,0.02987017659977,89
89.5,5.5,0.032669990159191295,82
89.5,6.5,0.0282425886393725,82
89.5,7.5,0.0297862695209877,77
89.5,8.5,0.0301940518663078,125
89.5,9.5,0.03554728088694815,154
89.5,10.5,0.0277990026807129,189
89.5,11.5,0.029610950510914648,226
89.5,12.5,0.0314249595521103,247
89.5,13.5,0.03085160913715165,226
89.5,14.5,0.0284825981571271,187
89.5,15.5,0.030613639212036803,146
89.5,16.5,0.0308825848674259,131
89.5,17.5,0.03034100652088215,110
89.5,18.5,0.03235189713255625,102
89.5,19.5,0.03172885525695155,86
89.5,20.5,0.034710168457633,127
89.5,21.5,0.0302163072616445,155
89.5,22.5,0.0346459757374603,175
89.5,23.5,0.0312642467524807,185
