mlat_center,mlt_center,median_sigma_phi_rad,n
50.5,0.25,0.0239261783297749,37
50.5,0.75,0.0265322368918373,45
50.5,1.25,0.026182357631875097,60
50.5,1.75,0.0210372199001085,32
50.5,2.25,0.0319396749474101,33
50.5,2.75,0.0249451385150827,39
50.5,3.25,0.0238281244818025,41
50.5,3.75,0.0302270871956254,35
50.5,4.25,0.0251886738889246,43
50.5,4.75,0.02521354411857895,30
50.5,5.25,0.0272296307481355,58
50.5,5.75,0.0242882710129277,37
50.5,6.25,0.0260228021382923,40
50.5,6.75,0.0218616858966659,25
50.5,7.25,0.02372526729937735,50
50.5,7.75,0.02296834561260115,34
50.5,8.25,0.02338137393890695,38
50.5,8.75,0.0227257349302936,49
50.5,9.25,0.019027379333707198,20
50.5,9.75,0.0228720650875991,56
50.5,10.25,0.0218621752391606,42
50.5,10.75,0.023780405838263,37
50.5,11.25,0.024156824858882,41
50.5,11.75,0.0276782419544762,53
50.5,12.25,0.0236212083061176,37
50.5,12.75,0.0253665127308827,37
50.5,13.25,0.02422794239394565,36
50.5,13.75,0.02079913910302295,30
50.5,14.25,0.0249500395388069,39
50.5,14.75,0.0210982449476554,28
50.5,15.25,0.0233698544765251,52
50.5,15.75,0.0230023917149431,33
50.5,16.25,0.02161484910955145,38
50.5,16.75,0.0233466601928776,34
50.5,17.25,0.0229249566367277,37
50.5,17.75,0.0202655097889714,48
50.5,18.25,0.0214632782182647,25
50.5,18.75,0.02211998545084625,40
50.5,19.25,0.0208626918345367,30
50.5,19.75,0.02207284316270315,52
50.5,20.25,0.0220060357455839,24
50.5,20.75,0.0223068315613912,41
50.5,21.25,0.027806672339582,33
50.5,21.75,0.025523060207784852,42
50.5,22.25,0.0240925122317832,38
50.5,22.75,0.0233120946680912,22
50.5,23.25,0.0258094162069966,53
50.5,23.75,0.0263678643710789,37
51.5,0.25,0.0263357576816964,79
51.5,0.75,0.0234101359796741,45
51.5,1.25,0.0276790120944274,51
51.5,1.75,0.0305112454874491,76
51.5,2.25,0.0304966001677827,51
51.5,2.75,0.026042971781221252,64
51.5,3.25,0.0253158826407057,59
51.5,3.75,0.03272884540973005,32
51.5,4.25,0.0223423307574087,53
51.5,4.75,0.02843376675031395,42
51.5,5.25,0.024255230012661,51
51.5,5.75,0.0210275448747776,47
51.5,6.25,0.0247276355594095,47
51.5,6.75,0.0199769023194237,47
51.5,7.25,0.022335138432530703,58
51.5,7.75,0.0220651024431372,35
51.5,8.25,0.0218566616361315,55
51.5,8.75,0.0219097632114305,67
51.5,9.25,0.02097522034042045,46
51.5,9.75,0.0216896120316392,55
51.5,10.25,0.0226013636821951,58
51.5,10.75,0.031828782783863196,84
51.5,11.25,0.0278124324428304,66
51.5,11.75,0.0322009829741957,87
51.5,12.25,0.0235698753342875,73
51.5,12.75,0.0248642090389953,39
51.5,13.25,0.0206757833410249,37
51.5,13.75,0.0208594802861298,43
51.5,14.25,0.0269900484860903,59
51.5,14.75,0.02567853112200425,74
51.5,15.25,0.0261785900690633,111
51.5,15.75,0.026100521011154752,100
51.5,16.25,0.0259260878148726,132
51.5,16.75,0.0258235638481379,111
51.5,17.25,0.0253569805315063,117
51.5,17.75,0.0245343420865318,145
51.5,18.25,0.0245313166565147,110
51.5,18.75,0.0241211031453867,121
51.5,19.25,0.024049919835434953,118
51.5,19.75,0.0240854675540243,121
51.5,20.25,0.0240617586050936,115
51.5,20.75,0.02394089942176675,132
51.5,21.25,0.0245464510662834,113
51.5,21.75,0.0245403965764076,122
51.5,22.25,0.0258044161174776,114
51.5,22.75,0.0268313314682856,111
51.5,23.25,0.0264367530643402,127
51.5,23.75,0.02586337941429085,86
52.5,0.25,0.028488451823347,124
52.5,0.75,0.0278577209409639,133
52.5,1.25,0.0275518614521355,126
52.5,1.75,0.0268689547836963,141
52.5,2.25,0.027385632349821,156
52.5,2.75,0.0275726788867164,171
52.5,3.25,0.0240378325154153,171
52.5,3.75,0.02383826881308725,164
52.5,4.25,0.0230139200562363,177
52.5,4.75,0.0234533750614282,159
52.5,5.25,0.024024703532001,183
52.5,5.75,0.0240549922289647,189
52.5,6.25,0.024932955956102648,202
52.5,6.75,0.024939232171436752,196
52.5,7.25,0.0249015466636167,209
52.5,7.75,0.0249172382632509,188
52.5,8.25,0.02448146131129495,224
52.5,8.75,0.0244075375752301,222
52.5,9.25,0.0247482532007174,210
52.5,9.75,0.02352146970704665,224
52.5,10.25,0.0235178149024483,212
52.5,10.75,0.0222274444763339,171
52.5,11.25,0.0223906249643012,192
52.5,11.75,0.0222891975672643,139
52.5,12.25,0.0230458211590466,151
52.5,12.75,0.025059253956027552,130
52.5,13.25,0.026733712206822302,138
52.5,13.75,0.0269070444948212,133
52.5,14.25,0.0273034903168011,131
52.5,14.75,0.0255929558862579,110
52.5,15.25,0.0263229551919838,106
52.5,15.75,0.0224050806842833,65
52.5,16.25,0.0233765919159456,82
52.5,16.75,0.0211808564746721,71
52.5,17.25,0.02068317624457945,70
52.5,17.75,0.02009581277070285,86
52.5,18.25,0.0215193513202958,66
52.5,18.75,0.02034899060229905,78
52.5,19.25,0.0219854650378177,77
52.5,19.75,0.0203038885226517,57
52.5,20.25,0.021195107476914547,70
52.5,20.75,0.023786128273011,69
52.5,21.25,0.0241291179784971,81
52.5,21.75,0.023780405838263,61
52.5,22.25,0.025655120970951198,80
52.5,22.75,0.024262086950388,61
52.5,23.25,0.02515323723235905,88
52.5,23.75,0.0265141414636072,119
53.5,0.25,0.0206772439059067,97
53.5,0.75,0.0232071705280181,101
53.5,1.25,0.023867303107640847,94
53.5,1.75,0.02181195659794095,102
53.5,2.25,0.0214914175898552,113
53.5,2.75,0.0222430642099454,105
53.5,3.25,0.0211700701038117,110
53.5,3.75,0.0197069889361308,90
53.5,4.25,0.0274153736309728,96
53.5,4.75,0.02036271136874805,82
53.5,5.25,0.0224538164670538,115
53.5,5.75,0.023214876327127848,106
53.5,6.25,0.0218391198578278,131
53.5,6.75,0.0255778522902808,123
53.5,7.25,0.0219258086812389,101
53.5,7.75,0.02247249514972465,112
53.5,8.25,0.0207960893201692,133
53.5,8.75,0.020610974074746248,120
53.5,9.25,0.0202093839044887,125
53.5,9.75,0.021046470630267898,120
53.5,10.25,0.0209314106915391,88
53.5,10.75,0.02008218923951125,86
53.5,11.25,0.02120464818947575,114
53.5,11.75,0.01947804532456335,94
53.5,12.25,0.0215138583195919,122
53.5,12.75,0.0199322613248158,87
53.5,13.25,0.02382036518968495,84
53.5,13.75,0.023554101924327,100
53.5,14.25,0.0203922411790974,107
53.5,14.75,0.0229174443435037,126
53.5,15.25,0.022244654336702252,122
53.5,15.75,0.0215714460990049,113
53.5,16.25,0.0227320918461558,97
53.5,16.75,0.0200921424798919,99
53.5,17.25,0.020019873505685598,130
53.5,17.75,0.019255197796167148,124
53.5,18.25,0.020543815286147897,134
53.5,18.75,0.0206086050604017,111
53.5,19.25,0.02061256946813475,100
53.5,19.75,0.0199801259383803,75
53.5,20.25,0.0211158225379019,131
53.5,20.75,0.0227681263315282,89
53.5,21.25,0.023740313341775447,130
53.5,21.75,0.02456462121063155,106
53.5,22.25,0.0225380440619963,109
53.5,22.75,0.0218896778534957,151
53.5,23.25,0.0236328465535817,93
53.5,23.75,0.02088461679514795,130
54.5,0.25,0.021934763081793603,180
54.5,0.75,0.0269256223606373,139
54.5,1.25,0.0211278732441024,159
54.5,1.75,0.0217311972684385,134
54.5,2.25,0.0205012068016234,194
54.5,2.75,0.0203818496263169,132
54.5,3.25,0.026717378160734197,174
54.5,3.75,0.01983282783883595,136
54.5,4.25,0.0255255618496118,129
54.5,4.75,0.0213410711838409,123
54.5,5.25,0.0218975226134075,158
54.5,5.75,0.0240609810933585,200
54.5,6.25,0.0226752814334753,183
54.5,6.75,0.022256530791137,196
54.5,7.25,0.0248949612049916,142
54.5,7.75,0.02100505297312545,214
54.5,8.25,0.0204017509142351,183
54.5,8.75,0.0193813595460548,181
54.5,9.25,0.0199563033802146,219
54.5,9.75,0.021214970714996402,156
54.5,10.25,0.0217419662047558,162
54.5,10.75,0.0213570994324517,121
54.5,11.25,0.020535452164981,175
54.5,11.75,0.01945721098667845,148
54.5,12.25,0.0213520340839746,189
54.5,12.75,0.0199441046195178,130
54.5,13.25,0.021439194876837,116
54.5,13.75,0.02473197472086425,160
54.5,14.25,0.0188759374636759,155
54.5,14.75,0.025492076827441,222
54.5,15.25,0.0195563367411893,173
54.5,15.75,0.0220341008470568,173
54.5,16.25,0.0231993846537153,149
54.5,16.75,0.019905518330061,151
54.5,17.25,0.0206313738140377,201
54.5,17.75,0.0201350736462843,187
54.5,18.25,0.0204235158922855,208
54.5,18.75,0.02051506417516075,130
54.5,19.25,0.0226592133581766,157
54.5,19.75,0.0206995407744506,122
54.5,20.25,0.02090726425047685,192
54.5,20.75,0.0219001738295686,135
54.5,21.25,0.02200128613480875,192
54.5,21.75,0.0263838397952391,163
54.5,22.25,0.0240295712892155,152
54.5,22.75,0.0214731817306055,233
54.5,23.25,0.021761870861519948,166
54.5,23.75,0.02501230329064645,182
55.5,0.25,0.030334250697083,305
55.5,0.75,0.0294027346542755,335
55.5,1.25,0.0262145855463306,277
55.5,1.75,0.0233313949884385,279
55.5,2.25,0.023297973020266,262
55.5,2.75,0.02160419654346475,268
55.5,3.25,0.0236609344947117,275
55.5,3.75,0.02324454341036,190
55.5,4.25,0.0229597969681218,223
55.5,4.75,0.023429200399686552,240
55.5,5.25,0.0238780856372132,231
55.5,5.75,0.0221166909726107,283
55.5,6.25,0.0245297952684951,309
55.5,6.75,0.022949204369091,238
55.5,7.25,0.0237917768182532,351
55.5,7.75,0.02446033478642725,286
55.5,8.25,0.0198489248747355,297
55.5,8.75,0.0212215141024248,334
55.5,9.25,0.0204992302023274,283
55.5,9.75,0.0212161741726445,269
55.5,10.25,0.0219743678106105,280
55.5,10.75,0.0206113734729541,191
55.5,11.25,0.021334568505377,272
55.5,11.75,0.02094228585433425,248
55.5,12.25,0.021040702724903798,256
55.5,12.75,0.02469182015789855,216
55.5,13.25,0.0216119703283329,285
55.5,13.75,0.0221567209982442,291
55.5,14.25,0.028167147938736647,328
55.5,14.75,0.0229919875752791,390
55.5,15.25,0.0266952215968793,367
55.5,15.75,0.028843178695867847,342
55.5,16.25,0.0259162418743861,312
55.5,16.75,0.025084444393688,358
55.5,17.25,0.0229972311169231,344
55.5,17.75,0.02308100106603255,388
55.5,18.25,0.022663699693053402,382
55.5,18.75,0.024415774218888048,278
55.5,19.25,0.0252965239781087,339
55.5,19.75,0.0263388911987053,273
55.5,20.25,0.026067843487228,301
55.5,20.75,0.02716196430478995,344
55.5,21.25,0.0280461661340608,305
55.5,21.75,0.0289431341057129,333
55.5,22.25,0.0275586315227589,417
55.5,22.75,0.0280574533328626,311
55.5,23.25,0.0299556884861093,483
55.5,23.75,0.0313074401925049,344
56.5,0.25,0.0270661732814602,535
56.5,0.75,0.02566651915688875,380
56.5,1.25,0.0255886492980812,363
56.5,1.75,0.0248252720162972,443
56.5,2.25,0.0232653460589274,411
56.5,2.75,0.02366365426396735,432
56.5,3.25,0.0266249782679469,461
56.5,3.75,0.0288799224923663,465
56.5,4.25,0.02791230037670335,452
56.5,4.75,0.028083140189881,479
56.5,5.25,0.028135639282897203,498
56.5,5.75,0.0258861570539787,502
56.5,6.25,0.0273172180573438,519
56.5,6.75,0.026271670780245247,626
56.5,7.25,0.02628789724650895,608
56.5,7.75,0.02613809893412845,598
56.5,8.25,0.0260578081317745,589
56.5,8.75,0.02598294371234575,598
56.5,9.25,0.025144598882481398,544
56.5,9.75,0.0258459464739205,536
56.5,10.25,0.0221511538204408,531
56.5,10.75,0.02265960052579935,494
56.5,11.25,0.023050170653099,460
56.5,11.75,0.02282983965230235,472
56.5,12.25,0.0248455778336887,413
56.5,12.75,0.0235895085016919,472
56.5,13.25,0.02292305317523175,486
56.5,13.75,0.0231419000757785,454
56.5,14.25,0.02221575588813165,490
56.5,14.75,0.025522502929447903,452
56.5,15.25,0.0252489947988167,490
56.5,15.75,0.0250130575134601,528
56.5,16.25,0.0243110000062699,551
56.5,16.75,0.0233220919307571,560
56.5,17.25,0.022252298015627,546
56.5,17.75,0.02268070517273625,544
56.5,18.25,0.02231982453932345,484
56.5,18.75,0.021715773405147652,486
56.5,19.25,0.02494277673625305,504
56.5,19.75,0.0259895672486894,497
56.5,20.25,0.025647599258575,441
56.5,20.75,0.0256702326301585,428
56.5,21.25,0.0243429324060852,519
56.5,21.75,0.0235330789634938,527
56.5,22.25,0.0243998371389987,586
56.5,22.75,0.029002199886810548,604
56.5,23.25,0.0276970810260379,603
56.5,23.75,0.029149590802453502,498
57.5,0.25,0.0278677877924919,653
57.5,0.75,0.0274126856168458,757
57.5,1.25,0.02907845754140105,796
57.5,1.75,0.0266849836215112,762
57.5,2.25,0.02824868415727285,882
57.5,2.75,0.0269570868080911,895
57.5,3.25,0.02675031875907495,892
57.5,3.75,0.0265183228853136,830
57.5,4.25,0.0274437629190539,946
57.5,4.75,0.026233814849889,755
57.5,5.25,0.0260256008220413,687
57.5,5.75,0.0257301721442949,637
57.5,6.25,0.0233765706372082,665
57.5,6.75,0.02240684276303675,586
57.5,7.25,0.022902454758798,664
57.5,7.75,0.0243372894039629,661
57.5,8.25,0.025105593419170798,694
57.5,8.75,0.0255680893890762,673
57.5,9.25,0.025371827928559902,818
57.5,9.75,0.024482682581361,845
57.5,10.25,0.0232260606093139,773
57.5,10.75,0.0242551373708608,878
57.5,11.25,0.02332710094173995,866
57.5,11.75,0.02365055300405,861
57.5,12.25,0.02336317801097675,882
57.5,12.75,0.0227887730202458,790
57.5,13.25,0.0225231604584541,695
57.5,13.75,0.0241343918488881,657
57.5,14.25,0.0237945099073475,641
57.5,14.75,0.0242420512449038,653
57.5,15.25,0.0239570519760596,764
57.5,15.75,0.0239087665587657,811
57.5,16.25,0.02383380018704155,804
57.5,16.75,0.023178558094519748,832
57.5,17.25,0.02391870199105925,816
57.5,17.75,0.0246416981151527,827
57.5,18.25,0.025689485960746848,714
57.5,18.75,0.0264800902855854,856
57.5,19.25,0.024290433010415502,766
57.5,19.75,0.023735293441781498,716
57.5,20.25,0.0249781563413936,841
57.5,20.75,0.0248182017589687,678
57.5,21.25,0.0267520660476418,647
57.5,21.75,0.0278655027729498,643
57.5,22.25,0.028228962032312552,568
57.5,22.75,0.0273261705534999,623
57.5,23.25,0.0329654065468161,668
57.5,23.75,0.030520506036324252,718
58.5,0.25,0.0326475833467795,585
58.5,0.75,0.0311614871731906,523
58.5,1.25,0.03364708243235215,588
58.5,1.75,0.03914873438214615,576
58.5,2.25,0.0336493630694841,584
58.5,2.75,0.0372139446456579,574
58.5,3.25,0.03690030940342875,548
58.5,3.75,0.033085866116457904,626
58.5,4.25,0.0281462588420959,511
58.5,4.75,0.0308229700489943,535
58.5,5.25,0.02973677617980405,518
58.5,5.75,0.02801737561553885,548
58.5,6.25,0.0283947981045226,559
58.5,6.75,0.0247402199023139,670
58.5,7.25,0.0233718051117173,637
58.5,7.75,0.0224535749978147,557
58.5,8.25,0.023004017219522,676
58.5,8.75,0.0221573184246384,639
58.5,9.25,0.022658318677375652,676
58.5,9.75,0.0223867691387268,779
58.5,10.25,0.0240424185112572,682
58.5,10.75,0.0233989287090818,739
58.5,11.25,0.024536175968718453,630
58.5,11.75,0.0236609344947117,627
58.5,12.25,0.0244229215059395,597
58.5,12.75,0.0242276821838733,501
58.5,13.25,0.024719877710512,533
58.5,13.75,0.0245753505998713,462
58.5,14.25,0.0243500214016416,523
58.5,14.75,0.02235891567087475,556
58.5,15.25,0.024732304722936152,540
58.5,15.75,0.02274511282402505,476
58.5,16.25,0.0240337213979497,521
58.5,16.75,0.0246906272244515,445
58.5,17.25,0.0275695167504741,471
58.5,17.75,0.028289972799355752,584
58.5,18.25,0.0267446073721302,655
58.5,18.75,0.0267112817549216,714
58.5,19.25,0.025346046944005947,706
58.5,19.75,0.0250367015059231,701
58.5,20.25,0.031274955647935546,580
58.5,20.75,0.03081653197342055,570
58.5,21.25,0.0300307222998527,493
58.5,21.75,0.0302489278210339,527
58.5,22.25,0.0253870530267625,516
58.5,22.75,0.032015603854990554,534
58.5,23.25,0.0287320323300119,531
58.5,23.75,0.0272262862125604,513
59.5,0.25,0.031969476967951,581
59.5,0.75,0.0335519641241614,513
59.5,1.25,0.035029605582571,506
59.5,1.75,0.0323159851865365,427
59.5,2.25,0.033459066542602944,496
59.5,2.75,0.0339565256014189,514
59.5,3.25,0.0362654138130229,495
59.5,3.75,0.036971915443345146,552
59.5,4.25,0.034276120076264155,484
59.5,4.75,0.0340085475086375,447
59.5,5.25,0.0318394069311032,527
59.5,5.75,0.0313368358644172,539
59.5,6.25,0.0267669925676943,621
59.5,6.75,0.0292106168423428,605
59.5,7.25,0.0272676207286169,495
59.5,7.75,0.028536647370289048,486
59.5,8.25,0.0295780573501653,561
59.5,8.75,0.0261690234354374,530
59.5,9.25,0.0239658434769409,585
59.5,9.75,0.02484681521523345,542
59.5,10.25,0.021802136065327847,616
59.5,10.75,0.02058700496565205,530
59.5,11.25,0.021961954817658,580
59.5,11.75,0.022298526661195,634
59.5,12.25,0.0246626269273107,630
59.5,12.75,0.02437016893919295,574
59.5,13.25,0.0248070801587379,529
59.5,13.75,0.02496702071091205,526
59.5,14.25,0.0241424328230745,555
59.5,14.75,0.02527710822769115,570
59.5,15.25,0.0255889327412226,639
59.5,15.75,0.0235295729525994,549
59.5,16.25,0.0250480881844334,492
59.5,16.75,0.0259726307320924,414
59.5,17.25,0.0278449861487235,528
59.5,17.75,0.025708365113218203,568
59.5,18.25,0.02673667359559605,558
59.5,18.75,0.0254311131490695,585
59.5,19.25,0.024665073783539652,526
59.5,19.75,0.0291152339823798,533
59.5,20.25,0.0266058275623481,594
59.5,20.75,0.02764071894652495,568
59.5,21.25,0.0288167517860711,571
59.5,21.75,0.029338611605158597,592
59.5,22.25,0.0346738174364493,513
59.5,22.75,0.0325656611794963,578
59.5,23.25,0.0347438553933526,579
59.5,23.75,0.036160201122511,537
60.5,0.25,0.0375157158707595,574
60.5,0.75,0.0374554888081077,720
60.5,1.25,0.0357266372788142,603
60.5,1.75,0.0357117256736381,594
60.5,2.25,0.03585833623790535,654
60.5,2.75,0.0337015186212393,565
60.5,3.25,0.0351512153808975,641
60.5,3.75,0.0370457921918812,566
60.5,4.25,0.0357203298887053,559
60.5,4.75,0.033240769756312155,620
60.5,5.25,0.0346814756596205,661
60.5,5.75,0.0308374217976661,645
60.5,6.25,0.0309777304557291,767
60.5,6.75,0.03015718901792045,658
60.5,7.25,0.0308935569836727,745
60.5,7.75,0.0343912249527101,739
60.5,8.25,0.0276163802005555,709
60.5,8.75,0.03030967625924815,744
60.5,9.25,0.027070855110597,769
60.5,9.75,0.0244468323773807,733
60.5,10.25,0.026771609859458048,558
60.5,10.75,0.0252047240622719,655
60.5,11.25,0.0232763060771577,594
60.5,11.75,0.0269717576479627,663
60.5,12.25,0.025090398552262402,678
60.5,12.75,0.0247970194674566,686
60.5,13.25,0.02677357460812305,694
60.5,13.75,0.029100909417509202,662
60.5,14.25,0.02737981022449445,660
60.5,14.75,0.0296554845791478,699
60.5,15.25,0.02847100345432515,742
60.5,15.75,0.0300920358941021,720
60.5,16.25,0.02704996353788955,674
60.5,16.75,0.0312607541961789,719
60.5,17.25,0.032445728224213696,716
60.5,17.75,0.0271973948911857,723
60.5,18.25,0.02992247808424935,740
60.5,18.75,0.0268497935856553,711
60.5,19.25,0.033153014213114,639
60.5,19.75,0.0318288204533412,729
60.5,20.25,0.0288694472278347,657
60.5,20.75,0.0328866896922968,700
60.5,21.25,0.0319973872950853,801
60.5,21.75,0.0318418347986901,713
60.5,22.25,0.03946834132516905,764
60.5,22.75,0.03847983162654535,720
60.5,23.25,0.0420660344987077,704
60.5,23.75,0.0414290367004235,797
61.5,0.25,0.0558295249761456,1061
61.5,0.75,0.0507160970697538,932
61.5,1.25,0.050226914826193,905
61.5,1.75,0.05220394879157465,822
61.5,2.25,0.0471617046023133,821
61.5,2.75,0.0465954282442392,835
61.5,3.25,0.0453261700511048,718
61.5,3.75,0.044164893175954,815
61.5,4.25,0.04967690952050665,800
61.5,4.75,0.04828174772682155,794
61.5,5.25,0.0462987084935989,739
61.5,5.75,0.0460773517327302,764
61.5,6.25,0.04052760390202105,822
61.5,6.75,0.03643379005813845,940
61.5,7.25,0.0437793557069915,935
61.5,7.75,0.03955291935652715,954
61.5,8.25,0.0431728629377916,900
61.5,8.75,0.0445026668479705,837
61.5,9.25,0.0404755845013893,879
61.5,9.75,0.0340659527561622,898
61.5,10.25,0.037277334652494956,932
61.5,10.75,0.0403817715903819,860
61.5,11.25,0.0378225497979637,933
61.5,11.75,0.0379037563828187,855
61.5,12.25,0.0356242801233109,861
61.5,12.75,0.0409653098226088,896
61.5,13.25,0.0415779407069531,839
61.5,13.75,0.0424531057269169,843
61.5,14.25,0.04137326405370355,854
61.5,14.75,0.0394918477529627,829
61.5,15.25,0.04066081944697205,892
61.5,15.75,0.04086279299774685,906
61.5,16.25,0.04575377591274365,998
61.5,16.75,0.0447436345527329,1037
61.5,17.25,0.042193956150346754,962
61.5,17.75,0.0384076423491467,911
61.5,18.25,0.0309931968940441,885
61.5,18.75,0.0352240446773615,909
61.5,19.25,0.0422439127771619,882
61.5,19.75,0.0434163721515719,800
61.5,20.25,0.043979961179254054,878
61.5,20.75,0.043851291769932396,764
61.5,21.25,0.046539051581591204,762
61.5,21.75,0.0510699524203088,890
61.5,22.25,0.0443030792729298,929
61.5,22.75,0.05163872278493875,946
61.5,23.25,0.0509382813554294,1085
61.5,23.75,0.0523917438693126,924
62.5,0.25,0.0529356246475976,941
62.5,0.75,0.0554034362749863,1109
62.5,1.25,0.055623313213123846,1090
62.5,1.75,0.0582504849354549,1102
62.5,2.25,0.05643224208354125,1162
62.5,2.75,0.05669245971685105,1164
62.5,3.25,0.0528377792821278,1297
62.5,3.75,0.0525460619120058,1177
62.5,4.25,0.05141312202417835,1160
62.5,4.75,0.0490709680567005,1122
62.5,5.25,0.0486182781786482,1071
62.5,5.75,0.046415687879212,987
62.5,6.25,0.047782036414318246,1052
62.5,6.75,0.045498305659597005,1056
62.5,7.25,0.03821273539028595,1064
62.5,7.75,0.0431846657855604,1067
62.5,8.25,0.0456979869611874,944
62.5,8.75,0.0410294003944135,1057
62.5,9.25,0.0422033900785836,1045
62.5,9.75,0.0427717714634369,1154
62.5,10.25,0.0410917133861936,1205
62.5,10.75,0.0466001035338671,1099
62.5,11.25,0.0465307529587229,1121
62.5,11.75,0.039529653913136745,1116
62.5,12.25,0.039960774574942,1027
62.5,12.75,0.0407627645284856,1030
62.5,13.25,0.0343537930850946,941
62.5,13.75,0.0345612298671343,907
62.5,14.25,0.0363021209962911,945
62.5,14.75,0.03323247455756425,1112
62.5,15.25,0.0325565120320363,1129
62.5,15.75,0.03605758848902785,1198
62.5,16.25,0.0379712669192236,1017
62.5,16.75,0.0386925801601325,1067
62.5,17.25,0.0393281813486941,1159
62.5,17.75,0.04329881127281045,1172
62.5,18.25,0.0415585883303339,1376
62.5,18.75,0.0480867738470826,1206
62.5,19.25,0.045271391657298446,1262
62.5,19.75,0.0439523707017429,1215
62.5,20.25,0.047908002005159,1013
62.5,20.75,0.048424986920531946,1072
62.5,21.25,0.0497522464613847,1029
62.5,21.75,0.047072253984218,810
62.5,22.25,0.0455524138623349,1079
62.5,22.75,0.04388608236067,923
62.5,23.25,0.0497096971434041,928
62.5,23.75,0.0518425947975708,1093
63.5,0.25,0.046256802882819845,1106
63.5,0.75,0.0437136247221751,1047
63.5,1.25,0.0442198983831532,970
63.5,1.75,0.0496134177711733,1055
63.5,2.25,0.048068531554987595,968
63.5,2.75,0.0487930380927058,937
63.5,3.25,0.0431356344250476,944
63.5,3.75,0.0446985039402705,1018
63.5,4.25,0.0435902299745319,1040
63.5,4.75,0.0399780095088236,961
63.5,5.25,0.03971583847646025,988
63.5,5.75,0.0397908595031572,1037
63.5,6.25,0.032999529898865454,954
63.5,6.75,0.0363854808975578,1013
63.5,7.25,0.0366208915855636,1100
63.5,7.75,0.0301995703772958,993
63.5,8.25,0.02781783820507505,1054
63.5,8.75,0.0292852097880763,1041
63.5,9.25,0.0274194493695123,1031
63.5,9.75,0.0264849896985236,1054
63.5,10.25,0.0242644885233829,939
63.5,10.75,0.026989138008062248,1166
63.5,11.25,0.0288155566714458,1053
63.5,11.75,0.02889534292393665,1200
63.5,12.25,0.0314015319045631,1133
63.5,12.75,0.0281620277990252,1077
63.5,13.25,0.026399573860197,1171
63.5,13.75,0.0278652986805245,1109
63.5,14.25,0.026624869605594202,1126
63.5,14.75,0.0271014594330871,1089
63.5,15.25,0.0293918133259367,1067
63.5,15.75,0.026399573860197,1025
63.5,16.25,0.02569349934032895,1218
63.5,16.75,0.02815286179081465,1166
63.5,17.25,0.02523589312087175,1040
63.5,17.75,0.025941599452846402,1094
63.5,18.25,0.0284838862346086,928
63.5,18.75,0.02783874311783895,1096
63.5,19.25,0.03079639691871735,1136
63.5,19.75,0.0333458843493452,1133
63.5,20.25,0.035802688183868,1157
63.5,20.75,0.0379578188982162,1010
63.5,21.25,0.0362212272412046,1070
63.5,21.75,0.0389121881338831,1099
63.5,22.25,0.0396946350636713,983
63.5,22.75,0.040697209358594555,1118
63.5,23.25,0.044635795182254495,1038
63.5,23.75,0.04368524155383785,1068
64.5,0.25,0.0434664026414594,1227
64.5,0.75,0.0433654246241044,1240
64.5,1.25,0.04654236921591745,1284
64.5,1.75,0.05000441954820305,1374
64.5,2.25,0.0484878373121152,1259
64.5,2.75,0.0458917754505058,1335
64.5,3.25,0.0488650960974459,1215
64.5,3.75,0.0400019374530784,1241
64.5,4.25,0.0394801899061287,1295
64.5,4.75,0.0414180696438491,1198
64.5,5.25,0.0383176275801252,1137
64.5,5.75,0.0371167523701838,1049
64.5,6.25,0.0361095391996772,1025
64.5,6.75,0.0292921850451119,1146
64.5,7.25,0.026856381891664602,1018
64.5,7.75,0.0277992501105211,1171
64.5,8.25,0.0272872043904642,1143
64.5,8.75,0.0255389947593672,1143
64.5,9.25,0.0258606786198539,1183
64.5,9.75,0.024600522346282898,1316
64.5,10.25,0.02482187936277985,1430
64.5,10.75,0.0249247988626021,1391
64.5,11.25,0.0255580012695938,1417
64.5,11.75,0.025705300939658053,1292
64.5,12.25,0.0251087012343486,1337
64.5,12.75,0.0253291023108926,1183
64.5,13.25,0.0247026418082503,1091
64.5,13.75,0.026090877597682402,1082
64.5,14.25,0.0262031897171991,942
64.5,14.75,0.0249663070558481,921
64.5,15.25,0.0238227439667452,1041
64.5,15.75,0.025281825657610148,1160
64.5,16.25,0.0256462772249522,1225
64.5,16.75,0.0265987690647979,1344
64.5,17.25,0.02725957452119785,1232
64.5,17.75,0.028949692598235,1317
64.5,18.25,0.0288902881605566,1263
64.5,18.75,0.0306890786829431,1385
64.5,19.25,0.0295780050532349,1333
64.5,19.75,0.02934075068524985,1272
64.5,20.25,0.028709554306902897,1332
64.5,20.75,0.0338414910153485,1217
64.5,21.25,0.037714842408964847,1060
64.5,21.75,0.04097875324856,1196
64.5,22.25,0.03760249248345055,1148
64.5,22.75,0.03775837768480385,1154
64.5,23.25,0.0430264849780516,1223
64.5,23.75,0.0436074335384988,1185
65.5,0.25,0.0428646124315058,1095
65.5,0.75,0.0490006189966793,1057
65.5,1.25,0.0462748883089944,1042
65.5,1.75,0.046437272451356454,896
65.5,2.25,0.0455490057682762,1149
65.5,2.75,0.0427303994223809,1121
65.5,3.25,0.0422291808395354,1077
65.5,3.75,0.0408564247775106,1153
65.5,4.25,0.03959355265827355,1004
65.5,4.75,0.0346927397571581,889
65.5,5.25,0.0370218755802027,1011
65.5,5.75,0.034838394608523796,1118
65.5,6.25,0.0338363430996103,1112
65.5,6.75,0.03474871904969575,956
65.5,7.25,0.0329232267545993,1052
65.5,7.75,0.03116389354571245,888
65.5,8.25,0.0267662853655483,927
65.5,8.75,0.028042718243706848,968
65.5,9.25,0.02450783640521085,990
65.5,9.75,0.0247909643181712,1001
65.5,10.25,0.0240320004650205,1027
65.5,10.75,0.023325713463361347,1202
65.5,11.25,0.0241915945515255,1207
65.5,11.75,0.0253869154355885,1288
65.5,12.25,0.026181891252294552,1134
65.5,12.75,0.02649616868414395,1046
65.5,13.25,0.02678131531139715,1012
65.5,13.75,0.02473659216474415,1098
65.5,14.25,0.024767861590395998,1102
65.5,14.75,0.0256954817897859,1229
65.5,15.25,0.0265199778296214,1070
65.5,15.75,0.0277376346839721,1009
65.5,16.25,0.0300698319792785,958
65.5,16.75,0.0308982676609445,970
65.5,17.25,0.0313230320397645,1021
65.5,17.75,0.0323946737097354,1100
65.5,18.25,0.03169080605944695,1194
65.5,18.75,0.0307805578995865,1243
65.5,19.25,0.03130824402114245,1256
65.5,19.75,0.0324679810310014,1175
65.5,20.25,0.034991174126121,1135
65.5,20.75,0.0338117137089025,1092
65.5,21.25,0.038151940189262,1045
65.5,21.75,0.0388180929870457,955
65.5,22.25,0.039768347300388696,960
65.5,22.75,0.040592327679576,987
65.5,23.25,0.0416627791439871,1008
65.5,23.75,0.04223208013651125,1028
66.5,0.25,0.043536477756729655,996
66.5,0.75,0.0415049123826548,1091
66.5,1.25,0.042981873956243005,1016
66.5,1.75,0.04583065916272965,1086
66.5,2.25,0.0382349286084748,1062
66.5,2.75,0.0398397132437201,968
66.5,3.25,0.0394167330775547,1038
66.5,3.75,0.036920955352090196,984
66.5,4.25,0.039489788277819945,944
66.5,4.75,0.03792449957869,1150
66.5,5.25,0.0376056997519391,1039
66.5,5.75,0.037111871120543,1186
66.5,6.25,0.0367967939355798,1126
66.5,6.75,0.0376664031649146,1087
66.5,7.25,0.0319237434492091,989
66.5,7.75,0.029513648197010203,1072
66.5,8.25,0.0276705853959912,1001
66.5,8.75,0.0270479190264529,1084
66.5,9.25,0.0272795596555369,985
66.5,9.75,0.0274265122412458,956
66.5,10.25,0.0267481794931557,925
66.5,10.75,0.0238836868620519,999
66.5,11.25,0.0239658434769409,1190
66.5,11.75,0.0239521278920487,1188
66.5,12.25,0.0254960715427261,1325
66.5,12.75,0.0254550569180246,1168
66.5,13.25,0.0271636568392243,1200
66.5,13.75,0.029652544107447498,1130
66.5,14.25,0.0298679838854143,1163
66.5,14.75,0.0298076723339819,1123
66.5,15.25,0.0307408796478928,1051
66.5,15.75,0.0318405883467322,1103
66.5,16.25,0.0318533946385624,1093
66.5,16.75,0.03156171512870235,1032
66.5,17.25,0.03385597708518,1085
66.5,17.75,0.0331959379478045,1149
66.5,18.25,0.0332838747652998,1043
66.5,18.75,0.0324930389986639,1102
66.5,19.25,0.0314150432272091,985
66.5,19.75,0.0325478766649405,1109
66.5,20.25,0.0319475015869923,1209
66.5,20.75,0.0353302606693638,1274
66.5,21.25,0.037639176676132,1299
66.5,21.75,0.0411194556915805,1283
66.5,22.25,0.0415140546308682,1162
66.5,22.75,0.0500471955128258,1199
66.5,23.25,0.0414290367004235,1157
66.5,23.75,0.0451106443951141,1155
67.5,0.25,0.0465264364829997,927
67.5,0.75,0.0518066381541496,875
67.5,1.25,0.0519461957145909,968
67.5,1.75,0.0472972822560312,907
67.5,2.25,0.0452544670202933,899
67.5,2.75,0.0423433290787052,951
67.5,3.25,0.0406369194151732,903
67.5,3.75,0.0375885135478526,801
67.5,4.25,0.0358011562353574,839
67.5,4.75,0.03433490480726,874
67.5,5.25,0.0338932538104396,985
67.5,5.75,0.0320665910320037,924
67.5,6.25,0.03241488813720515,988
67.5,6.75,0.0318830264989974,977
67.5,7.25,0.0281498947311381,995
67.5,7.75,0.02821029957254045,972
67.5,8.25,0.0270050068633506,987
67.5,8.75,0.028049443970427,807
67.5,9.25,0.0282788435845593,757
67.5,9.75,0.0291481462961078,741
67.5,10.25,0.02811291400873395,804
67.5,10.75,0.024848572645784148,878
67.5,11.25,0.0239869047583607,843
67.5,11.75,0.0240638825803599,920
67.5,12.25,0.0256950440330182,856
67.5,12.75,0.0258574042500943,873
67.5,13.25,0.0284273429024602,777
67.5,13.75,0.0274869122800164,817
67.5,14.25,0.0292470148098909,882
67.5,14.75,0.0293773572137928,799
67.5,15.25,0.03123528393951995,926
67.5,15.75,0.0311614871731906,929
67.5,16.25,0.030220953433900348,892
67.5,16.75,0.03547383392139305,1000
67.5,17.25,0.0335434410416519,890
67.5,17.75,0.0313165908188742,893
67.5,18.25,0.0311447797430336,940
67.5,18.75,0.0302001127229689,813
67.5,19.25,0.031141189258452252,874
67.5,19.75,0.0334902803118105,915
67.5,20.25,0.0357895129181295,876
67.5,20.75,0.037978027516412,955
67.5,21.25,0.036239103493621,866
67.5,21.75,0.037969166112327354,860
67.5,22.25,0.0462153855096548,835
67.5,22.75,0.04709338313468375,848
67.5,23.25,0.0483637741647182,929
67.5,23.75,0.04357589064724515,938
68.5,0.25,0.04646217274730275,788
68.5,0.75,0.0445796279981974,727
68.5,1.25,0.0497807329134524,605
68.5,1.75,0.0493858852274324,677
68.5,2.25,0.0409992937033068,709
68.5,2.75,0.0392803080731309,789
68.5,3.25,0.0350564751690301,759
68.5,3.75,0.0321620486480447,675
68.5,4.25,0.03623565154305185,640
68.5,4.75,0.0386758648428446,663
68.5,5.25,0.0339263067204471,713
68.5,5.75,0.0336699324062187,783
68.5,6.25,0.0333929431206962,905
68.5,6.75,0.0370533815101788,865
68.5,7.25,0.0296521920499892,821
68.5,7.75,0.030241431549372498,714
68.5,8.25,0.0313259193197685,670
68.5,8.75,0.0283289683808068,635
68.5,9.25,0.026529055243227448,644
68.5,9.75,0.0278205783379341,705
68.5,10.25,0.0228809071128092,656
68.5,10.75,0.022152037358136,567
68.5,11.25,0.0246482056051492,783
68.5,11.75,0.0252472055384081,769
68.5,12.25,0.026851018936384,629
68.5,12.75,0.029037192590327,745
68.5,13.25,0.029331987500588602,686
68.5,13.75,0.03108950018164975,698
68.5,14.25,0.0299364017911369,769
68.5,14.75,0.0333609387245621,912
68.5,15.25,0.0306026361717276,845
68.5,15.75,0.0343379048739753,783
68.5,16.25,0.033261030841771,801
68.5,16.75,0.0354909443357731,689
68.5,17.25,0.0335380490338887,780
68.5,17.75,0.03251961836775615,794
68.5,18.25,0.0328428666483053,702
68.5,18.75,0.0315331888713719,791
68.5,19.25,0.0335951782521534,677
68.5,19.75,0.032170718072426246,672
68.5,20.25,0.0332750775669515,621
68.5,20.75,0.0362086609520596,687
68.5,21.25,0.0420642104228732,727
68.5,21.75,0.0412106506344335,767
68.5,22.25,0.0492134207547287,819
68.5,22.75,0.0540557742737728,915
68.5,23.25,0.05171457483651755,792
68.5,23.75,0.0480521136703502,866
69.5,0.25,0.0484851044836538,893
69.5,0.75,0.048463445303525,719
69.5,1.25,0.0468246158012562,745
69.5,1.75,0.0467889945810473,703
69.5,2.25,0.0403715166058286,741
69.5,2.75,0.037183455826904604,726
69.5,3.25,0.0347449165090577,712
69.5,3.75,0.03352354966478995,664
69.5,4.25,0.0358146902222357,634
69.5,4.75,0.035109796203426955,612
69.5,5.25,0.0351236929873377,669
69.5,5.75,0.03518437153874725,638
69.5,6.25,0.0359185467079933,701
69.5,6.75,0.0313199898518303,684
69.5,7.25,0.0308225975021934,657
69.5,7.75,0.0293343871472972,737
69.5,8.25,0.0291481462961078,777
69.5,8.75,0.0276163802005555,690
69.5,9.25,0.0257284588519045,701
69.5,9.75,0.0267662853655483,691
69.5,10.25,0.0259272019673583,666
69.5,10.75,0.02388556620730015,670
69.5,11.25,0.026232805383635,625
69.5,11.75,0.0247381760093445,689
69.5,12.25,0.0249398936677666,656
69.5,12.75,0.0262381989053709,712
69.5,13.25,0.0290180119271931,687
69.5,13.75,0.03334099118210195,674
69.5,14.25,0.0326011824678222,701
69.5,14.75,0.03489215706916465,724
69.5,15.25,0.034234842615737,789
69.5,15.75,0.0329231622366985,765
69.5,16.25,0.0331031801809633,783
69.5,16.75,0.033313358475030294,794
69.5,17.25,0.03391060045792065,750
69.5,17.75,0.0342389155151329,746
69.5,18.25,0.03160422174989605,710
69.5,18.75,0.03545272953503085,624
69.5,19.25,0.03208859068830745,648
69.5,19.75,0.0359883603549189,612
69.5,20.25,0.0355721656494953,719
69.5,20.75,0.0358062002579463,647
69.5,21.25,0.0396657607575128,699
69.5,21.75,0.0421040855270585,791
69.5,22.25,0.056196120339114294,720
69.5,22.75,0.0479511292393833,770
69.5,23.25,0.0492569905017704,825
69.5,23.75,0.045188465781718,795
70.5,0.25,0.04395983186879755,678
70.5,0.75,0.04339271428387885,734
70.5,1.25,0.044019867700277854,616
70.5,1.75,0.047536102919917,495
70.5,2.25,0.03965770514426205,546
70.5,2.75,0.0380490610489022,591
70.5,3.25,0.036264247164056754,578
70.5,3.75,0.0341185769882968,571
70.5,4.25,0.03411454787163655,628
70.5,4.75,0.03795335030770305,504
70.5,5.25,0.0356243442162557,535
70.5,5.75,0.034454243389477,583
70.5,6.25,0.0319951276831262,571
70.5,6.75,0.032682708867231056,736
70.5,7.25,0.0332852410176182,669
70.5,7.75,0.0318671377727771,719
70.5,8.25,0.0332476233167861,712
70.5,8.75,0.0317749473660931,733
70.5,9.25,0.027546014310832652,676
70.5,9.75,0.0257833417157377,715
70.5,10.25,0.0279584449554826,675
70.5,10.75,0.0279685995249707,562
70.5,11.25,0.026232290356472197,668
70.5,11.75,0.02837783004958775,628
70.5,12.25,0.0266873975085261,711
70.5,12.75,0.0306408167137121,679
70.5,13.25,0.03225093007595845,646
70.5,13.75,0.0360385807769098,659
70.5,14.25,0.0358641281223122,617
70.5,14.75,0.0372996780477363,707
70.5,15.25,0.037162319444764905,586
70.5,15.75,0.03297767958275695,690
70.5,16.25,0.036657312438913445,558
70.5,16.75,0.037827004976545495,634
70.5,17.25,0.0383063893996911,589
70.5,17.75,0.035242470896922895,568
70.5,18.25,0.0328335168860038,617
70.5,18.75,0.036425358094752,565
70.5,19.25,0.035065793150393654,614
70.5,19.75,0.0338494602148348,601
70.5,20.25,0.0342148141241391,647
70.5,20.75,0.036605856725646146,700
70.5,21.25,0.04292906537029925,634
70.5,21.75,0.0420066384511154,757
70.5,22.25,0.05108036663931845,780
70.5,22.75,0.0475609082538176,705
70.5,23.25,0.04530195475407075,800
70.5,23.75,0.048057699651334496,726
71.5,0.25,0.0410551064544271,610
71.5,0.75,0.0422393181763153,545
71.5,1.25,0.04033258916599,539
71.5,1.75,0.03987739548800205,476
71.5,2.25,0.0398205474556113,559
71.5,2.75,0.0383199197007494,541
71.5,3.25,0.0351495768913217,499
71.5,3.75,0.0357693150059153,529
71.5,4.25,0.0346469071268447,563
71.5,4.75,0.03599859475993725,452
71.5,5.25,0.0366345827626531,495
71.5,5.75,0.03598005891746215,584
71.5,6.25,0.03453072420987295,562
71.5,6.75,0.035217108685807,577
71.5,7.25,0.03639464168784795,526
71.5,7.75,0.0323885019896563,601
71.5,8.25,0.032510192818869146,578
71.5,8.75,0.0310938564807846,635
71.5,9.25,0.02944213849269255,584
71.5,9.75,0.0265846741423894,458
71.5,10.25,0.0301173561515676,492
71.5,10.75,0.0310770482915617,413
71.5,11.25,0.02719457640328975,494
71.5,11.75,0.02804687192075615,498
71.5,12.25,0.0283093379213809,538
71.5,12.75,0.0314045992733186,605
71.5,13.25,0.0350556327309408,539
71.5,13.75,0.0372533763455151,576
71.5,14.25,0.04036540847951545,532
71.5,14.75,0.0396068512679006,678
71.5,15.25,0.0362071684652579,643
71.5,15.75,0.03469032814365795,586
71.5,16.25,0.0355674420343082,625
71.5,16.75,0.03836113864136545,532
71.5,17.25,0.03534465216012615,582
71.5,17.75,0.03392228586070345,540
71.5,18.25,0.0345613573047314,489
71.5,18.75,0.0332541715500838,548
71.5,19.25,0.033730865886157,415
71.5,19.75,0.0322916450284804,383
71.5,20.25,0.0347013278597664,547
71.5,20.75,0.0421572435666113,499
71.5,21.25,0.036561475803867496,648
71.5,21.75,0.039270991992638046,542
71.5,22.25,0.0428592313310093,590
71.5,22.75,0.04223986116059185,612
71.5,23.25,0.04212606264566865,552
71.5,23.75,0.0469033799025657,601
72.5,0.25,0.0400533341083675,601
72.5,0.75,0.0413232096237476,551
72.5,1.25,0.0370912413396455,468
72.5,1.75,0.0376116875799897,459
72.5,2.25,0.03886802791355085,532
72.5,2.75,0.0402403576508756,453
72.5,3.25,0.0350049150797927,553
72.5,3.75,0.0360501340321991,429
72.5,4.25,0.0392861302484753,442
72.5,4.75,0.0348656922869477,449
72.5,5.25,0.0373875732215536,440
72.5,5.75,0.0343612802912402,500
72.5,6.25,0.0346085310519664,685
72.5,6.75,0.0343304795688022,434
72.5,7.25,0.0352587529372823,638
72.5,7.75,0.0392754227153817,514
72.5,8.25,0.0326663608060612,510
72.5,8.75,0.0319596759751208,693
72.5,9.25,0.0318792146649722,566
72.5,9.75,0.0287548799335613,514
72.5,10.25,0.03022167302417785,538
72.5,10.75,0.029041929739241648,436
72.5,11.25,0.0283900428737599,475
72.5,11.75,0.0314249595521103,527
72.5,12.25,0.0292879680898162,514
72.5,12.75,0.037746449753117,519
72.5,13.25,0.0361165424996287,490
72.5,13.75,0.0425501226772623,460
72.5,14.25,0.03985379136168,545
72.5,14.75,0.0406993562751482,519
72.5,15.25,0.0358946083272843,569
72.5,15.75,0.0341284513492221,486
72.5,16.25,0.040437710490567796,544
72.5,16.75,0.0413680660691872,514
72.5,17.25,0.0368647328766703,495
72.5,17.75,0.0338086423773,623
72.5,18.25,0.0335671677501289,636
72.5,18.75,0.0336460167437455,481
72.5,19.25,0.0315075990059439,533
72.5,19.75,0.0364335134839065,410
72.5,20.25,0.034512362620383,478
72.5,20.75,0.034756118023068855,506
72.5,21.25,0.0370713101274978,544
72.5,21.75,0.0389507030343786,499
72.5,22.25,0.043579453333049495,574
72.5,22.75,0.04261533850368835,522
72.5,23.25,0.0481145012293386,635
72.5,23.75,0.0413808433487154,610
73.5,0.25,0.0445802991552596,793
73.5,0.75,0.0386926408223966,709
73.5,1.25,0.0380510317465547,697
73.5,1.75,0.0407514780847778,801
73.5,2.25,0.0402152969245487,723
73.5,2.75,0.0383390763464497,650
73.5,3.25,0.0357134971220079,619
73.5,3.75,0.0459242516865697,580
73.5,4.25,0.0397284535054486,555
73.5,4.75,0.04120990067499105,594
73.5,5.25,0.0405401351703734,634
73.5,5.75,0.035100232555568,661
73.5,6.25,0.0367025731630627,715
73.5,6.75,0.0375711163067878,716
73.5,7.25,0.034358200322920196,746
73.5,7.75,0.0411726406718461,864
73.5,8.25,0.03630114649648105,684
73.5,8.75,0.03465325141496055,764
73.5,9.25,0.035922715283595405,626
73.5,9.75,0.0299508590455686,601
73.5,10.25,0.0309113527736372,629
73.5,10.75,0.03248715571244795,612
73.5,11.25,0.03539592839579,491
73.5,11.75,0.0348441181931319,577
73.5,12.25,0.0398505998194826,556
73.5,12.75,0.0383257742318662,601
73.5,13.25,0.0456279664117007,699
73.5,13.75,0.0440840175982894,713
73.5,14.25,0.0439643502399028,659
73.5,14.75,0.03823205231959305,666
73.5,15.25,0.03868728430773065,718
73.5,15.75,0.041587480018688,786
73.5,16.25,0.043195278868940146,820
73.5,16.75,0.0422662527103219,731
73.5,17.25,0.03748640195887805,692
73.5,17.75,0.0339396722005059,732
73.5,18.25,0.035425784020894746,630
73.5,18.75,0.0332420160772232,687
73.5,19.25,0.0402646583458857,659
73.5,19.75,0.0347174401517704,676
73.5,20.25,0.0351236929873377,583
73.5,20.75,0.03935121246349,635
73.5,21.25,0.0400768369901106,581
73.5,21.75,0.0432866556666612,597
73.5,22.25,0.0471574696301787,725
73.5,22.75,0.048889962181035446,762
73.5,23.25,0.04354222910107035,802
73.5,23.75,0.0415722899759162,773
74.5,0.25,0.0501004642732369,1049
74.5,0.75,0.0430176172429656,938
74.5,1.25,0.0445825266012819,925
74.5,1.75,0.0413958809844935,870
74.5,2.25,0.0399034222736983,709
74.5,2.75,0.0426780714145263,879
74.5,3.25,0.0423440360559562,833
74.5,3.75,0.04434727589942555,1002
74.5,4.25,0.0426631830601138,877
74.5,4.75,0.0370218755802027,965
74.5,5.25,0.0423612802355798,893
74.5,5.75,0.0422152794114563,893
74.5,6.25,0.043252088052289,903
74.5,6.75,0.042092450985009605,1052
74.5,7.25,0.042636509461647154,1048
74.5,7.75,0.041427477078288,1021
74.5,8.25,0.042400424420472746,1108
74.5,8.75,0.04196956961153025,976
74.5,9.25,0.0464566850166467,951
74.5,9.75,0.0452935886975289,1038
74.5,10.25,0.041754045536161896,890
74.5,10.75,0.0391103483412049,925
74.5,11.25,0.04562571781254,803
74.5,11.75,0.043070988564989,799
74.5,12.25,0.0670672627514594,695
74.5,12.75,0.056208829378057,811
74.5,13.25,0.0537295400943805,1023
74.5,13.75,0.055191231325115095,930
74.5,14.25,0.044822346178109596,1006
74.5,14.75,0.0447860128233231,943
74.5,15.25,0.0479030334743841,1008
74.5,15.75,0.0521788544049895,1009
74.5,16.25,0.04303327869955815,1150
74.5,16.75,0.0407149484862294,1205
74.5,17.25,0.0391644700093706,1090
74.5,17.75,0.037068794822706905,1028
74.5,18.25,0.03428944091169295,924
74.5,18.75,0.0369459972821488,963
74.5,19.25,0.038113577256994005,944
74.5,19.75,0.0381601417883224,934
74.5,20.25,0.0429651449754358,825
74.5,20.75,0.0406747721608521,824
74.5,21.25,0.0438722072357961,847
74.5,21.75,0.05126158366902865,1076
74.5,22.25,0.0478205830558019,975
74.5,22.75,0.04691844006149935,1068
74.5,23.25,0.0484013733134674,1115
74.5,23.75,0.0461564392889234,935
75.5,0.25,0.0569710973663686,1389
75.5,0.75,0.048806085174222955,1588
75.5,1.25,0.046117105820356497,1498
75.5,1.75,0.0443913972790447,1387
75.5,2.25,0.0424326633847702,1355
75.5,2.75,0.04566989986865095,1278
75.5,3.25,0.0463113649892848,1367
75.5,3.75,0.0468315906497836,1413
75.5,4.25,0.0433546135582479,1489
75.5,4.75,0.046063147395182,1454
75.5,5.25,0.04469842397590495,1184
75.5,5.75,0.0430490909052163,1144
75.5,6.25,0.0462643269343336,1101
75.5,6.75,0.0475970914984006,1251
75.5,7.25,0.05185767479820745,1078
75.5,7.75,0.04941398314545605,1274
75.5,8.25,0.0500510858196213,1325
75.5,8.75,0.05070634328362725,1396
75.5,9.25,0.0543006706967263,1427
75.5,9.75,0.05240236333993735,1546
75.5,10.25,0.0568808706267194,1419
75.5,10.75,0.0561519214128379,1313
75.5,11.25,0.048657577014240144,1362
75.5,11.75,0.058047756281275,1413
75.5,12.25,0.0579232831721007,1373
75.5,12.75,0.0635044820410487,1567
75.5,13.25,0.0681759448640692,1226
75.5,13.75,0.0601655073486513,1323
75.5,14.25,0.0648022569051418,1167
75.5,14.75,0.06143314616930245,1134
75.5,15.25,0.0639897485420448,1253
75.5,15.75,0.05118016832153915,1360
75.5,16.25,0.0497934712689642,1503
75.5,16.75,0.0452498607698656,1559
75.5,17.25,0.04652220921507795,1544
75.5,17.75,0.0429468798183135,1386
75.5,18.25,0.0443993038152026,1329
75.5,18.75,0.043070988564989,1335
75.5,19.25,0.0448266258932556,1335
75.5,19.75,0.0448592598062792,1441
75.5,20.25,0.043229623164438,1467
75.5,20.75,0.0448406573957359,1587
75.5,21.25,0.0507633961995628,1343
75.5,21.75,0.0492215054650435,1394
75.5,22.25,0.05412648545926785,1338
75.5,22.75,0.0531949085635121,1171
75.5,23.25,0.0536641656164679,1321
75.5,23.75,0.058829422648252847,1360
76.5,0.25,0.059095772838903896,1048
76.5,0.75,0.058081781062473706,1130
76.5,1.25,0.0595612396905057,1183
76.5,1.75,0.0513677223447957,1233
76.5,2.25,0.0533176196455392,1420
76.5,2.75,0.0517943064545054,1447
76.5,3.25,0.04741449838353515,1458
76.5,3.75,0.0460165643468353,1446
76.5,4.25,0.0425915940802396,1285
76.5,4.75,0.04101536853693305,1260
76.5,5.25,0.047042519404466604,1134
76.5,5.75,0.042336652522421955,1246
76.5,6.25,0.044672904291691004,1154
76.5,6.75,0.0445693302364784,1159
76.5,7.25,0.0440898004312984,1319
76.5,7.75,0.0481758310233519,1129
76.5,8.25,0.0484093420106394,1186
76.5,8.75,0.0560107208981955,1197
76.5,9.25,0.0578156506458057,1378
76.5,9.75,0.06728148618942835,1264
76.5,10.25,0.07058926213098965,1458
76.5,10.75,0.07619357986564104,1606
76.5,11.25,0.06778606071038705,1410
76.5,11.75,0.07150675219113076,1388
76.5,12.25,0.07721394610172574,1342
76.5,12.75,0.0666771452117044,1170
76.5,13.25,0.0759947544003608,1207
76.5,13.75,0.0735507560079698,1035
76.5,14.25,0.0654959528634896,1042
76.5,14.75,0.0607047900618032,1097
76.5,15.25,0.05256676460636375,1074
76.5,15.75,0.0574105453542743,1126
76.5,16.25,0.0471374393281654,993
76.5,16.75,0.0473442620702006,1083
76.5,17.25,0.05188778614825405,1118
76.5,17.75,0.04918012864467,1136
76.5,18.25,0.04779113711638685,1278
76.5,18.75,0.0502371879711917,1617
76.5,19.25,0.049519033356976105,1612
76.5,19.75,0.055051792242289,1449
76.5,20.25,0.0545057024201467,1387
76.5,20.75,0.0580011295918787,1334
76.5,21.25,0.0563684979091032,1157
76.5,21.75,0.054135783225129505,1184
76.5,22.25,0.05538357192351785,1260
76.5,22.75,0.0594471504937466,1016
76.5,23.25,0.0585704195761526,1023
76.5,23.75,0.061608160538176,1008
77.5,0.25,0.0554121076581691,783
77.5,0.75,0.0462935179520184,851
77.5,1.25,0.0463366033845057,887
77.5,1.75,0.0459312185077993,873
77.5,2.25,0.04855905588811345,814
77.5,2.75,0.0510309248904019,835
77.5,3.25,0.0432987280632288,927
77.5,3.75,0.04274395530457295,826
77.5,4.25,0.0490661368493185,973
77.5,4.75,0.04653770302185335,830
77.5,5.25,0.0488469726964643,931
77.5,5.75,0.0457672452247117,834
77.5,6.25,0.0442094127070851,996
77.5,6.75,0.0432024973645887,859
77.5,7.25,0.0435145633913306,803
77.5,7.75,0.043353087001934,834
77.5,8.25,0.04956780902159035,792
77.5,8.75,0.05581064733243345,778
77.5,9.25,0.06273648933494094,796
77.5,9.75,0.0717524075463635,895
77.5,10.25,0.06958397299504145,996
77.5,10.75,0.07182717550860855,980
77.5,11.25,0.0684966113779604,1105
77.5,11.75,0.07505551607351779,1004
77.5,12.25,0.08391989826890314,1112
77.5,12.75,0.0784116329687693,1016
77.5,13.25,0.08265086685540135,1054
77.5,13.75,0.0716051194617998,910
77.5,14.25,0.05841252320646165,902
77.5,14.75,0.0555628608985893,757
77.5,15.25,0.05987019648011,683
77.5,15.75,0.0512305002301902,759
77.5,16.25,0.0561201633857841,725
77.5,16.75,0.058603611599928496,736
77.5,17.25,0.0544107048471058,875
77.5,17.75,0.055465214456580605,798
77.5,18.25,0.044768445346043004,836
77.5,18.75,0.048857687398506,885
77.5,19.25,0.045124863055904796,888
77.5,19.75,0.0560746677517145,907
77.5,20.25,0.0550911310623139,937
77.5,20.75,0.0536020676720156,913
77.5,21.25,0.058923410860332995,1002
77.5,21.75,0.056776099932127,996
77.5,22.25,0.0578269291773066,996
77.5,22.75,0.05429557241333935,896
77.5,23.25,0.0495230367151385,905
77.5,23.75,0.0545231384214735,842
78.5,0.25,0.05603789352344035,592
78.5,0.75,0.0453512469452201,623
78.5,1.25,0.0564473573644732,821
78.5,1.75,0.0402056326027458,796
78.5,2.25,0.0351002222455882,709
78.5,2.75,0.0369646177491291,865
78.5,3.25,0.044197884629779555,852
78.5,3.75,0.0445802991552596,737
78.5,4.25,0.0394046245506724,699
78.5,4.75,0.0407096657246723,795
78.5,5.25,0.0472918836884264,804
78.5,5.75,0.038865921475176604,788
78.5,6.25,0.0379973772001804,955
78.5,6.75,0.04323482541490345,884
78.5,7.25,0.039394642682745604,810
78.5,7.75,0.043363753166432,840
78.5,8.25,0.0499614142933822,687
78.5,8.75,0.0514166011174613,581
78.5,9.25,0.059219523243780894,728
78.5,9.75,0.068065715531401,793
78.5,10.25,0.06069832911893485,728
78.5,10.75,0.0656172653022251,783
78.5,11.25,0.07004602392198575,772
78.5,11.75,0.07694531637102425,842
78.5,12.25,0.07253878962977135,686
78.5,12.75,0.0766286531875841,760
78.5,13.25,0.0783841269194951,831
78.5,13.75,0.0577224106884707,851
78.5,14.25,0.0540411735628499,835
78.5,14.75,0.0560312148342183,857
78.5,15.25,0.0564832067454378,741
78.5,15.75,0.05976704632764565,640
78.5,16.25,0.0593419787383368,788
78.5,16.75,0.059635269864378046,764
78.5,17.25,0.0664590238464262,951
78.5,17.75,0.0565385735674091,970
78.5,18.25,0.06119747687459255,868
78.5,18.75,0.05444055530967735,906
78.5,19.25,0.0562563946583393,926
78.5,19.75,0.0546332750500167,935
78.5,20.25,0.0477581410668455,642
78.5,20.75,0.0589494314906391,679
78.5,21.25,0.061082563253839,802
78.5,21.75,0.0566103977294626,693
78.5,22.25,0.05399227968002725,776
78.5,22.75,0.0481504802675944,791
78.5,23.25,0.04761873251654355,616
78.5,23.75,0.0588638042680849,638
79.5,0.25,0.0467929141385159,972
79.5,0.75,0.040274226638822144,766
79.5,1.25,0.0455882642576615,851
79.5,1.75,0.03694163807769925,946
79.5,2.25,0.038263893012526695,904
79.5,2.75,0.0360280694682934,882
79.5,3.25,0.0348150510607669,847
79.5,3.75,0.0387557849018918,745
79.5,4.25,0.04060499747173375,800
79.5,4.75,0.0414584753077128,937
79.5,5.25,0.0427718636091355,1027
79.5,5.75,0.045441816953513445,924
79.5,6.25,0.0459763226046383,1005
79.5,6.75,0.050132440847093646,1162
79.5,7.25,0.0471544817554051,969
79.5,7.75,0.0488294864905215,1071
79.5,8.25,0.0549082727603661,972
79.5,8.75,0.0534018156954446,765
79.5,9.25,0.0565730935898232,743
79.5,9.75,0.0601841934248752,886
79.5,10.25,0.0576874826188698,836
79.5,10.75,0.0573544260695713,909
79.5,11.25,0.0602777616047744,787
79.5,11.75,0.0583892363799271,652
79.5,12.25,0.0599748488224143,712
79.5,12.75,0.0691127096858406,812
79.5,13.25,0.07782692387492746,878
79.5,13.75,0.06724262047411489,828
79.5,14.25,0.0626018045133284,1152
79.5,14.75,0.06578152100700495,1096
79.5,15.25,0.06661475284884955,1094
79.5,15.75,0.06001332603727175,1236
79.5,16.25,0.0514537651453007,1087
79.5,16.75,0.05194515142827835,1088
79.5,17.25,0.049286420778309095,936
79.5,17.75,0.0522193459602308,917
79.5,18.25,0.06180075886745355,1004
79.5,18.75,0.059026818695235,853
79.5,19.25,0.0591422776021456,977
79.5,19.75,0.0601722231889082,879
79.5,20.25,0.0593439663301752,912
79.5,20.75,0.06644961800332974,942
79.5,21.25,0.054000540810579,956
79.5,21.75,0.0467906036425361,1132
79.5,22.25,0.0586810287757193,1074
79.5,22.75,0.061634747576671,1293
79.5,23.25,0.0475221954929002,1069
79.5,23.75,0.047175860218403254,972
80.5,0.25,0.042199992022289,939
80.5,0.75,0.039038401233062,1085
80.5,1.25,0.0358566199831046,890
80.5,1.75,0.03776622583250805,670
80.5,2.25,0.0379602603034492,855
80.5,2.75,0.0328531314227246,787
80.5,3.25,0.036443680792873,597
80.5,3.75,0.0386551936205057,783
80.5,4.25,0.0364448436011352,831
80.5,4.75,0.0364758174435779,667
80.5,5.25,0.037368693199174796,794
80.5,5.75,0.0400401908233421,626
80.5,6.25,0.037676387132744446,834
80.5,6.75,0.0389388084769662,733
80.5,7.25,0.04561098163589675,700
80.5,7.75,0.0445036063459885,775
80.5,8.25,0.045912582283296144,844
80.5,8.75,0.0378417111806378,967
80.5,9.25,0.0411789027710262,853
80.5,9.75,0.04034396330393,1043
80.5,10.25,0.0446484910643444,907
80.5,10.75,0.0526098204185346,631
80.5,11.25,0.0539643982644807,700
80.5,11.75,0.051074064292124896,710
80.5,12.25,0.046945433402919845,746
80.5,12.75,0.0631358881035091,953
80.5,13.25,0.054046735045348154,744
80.5,13.75,0.05278912336475245,836
80.5,14.25,0.0542889155090834,849
80.5,14.75,0.053280668661463595,814
80.5,15.25,0.0554281789440074,783
80.5,15.75,0.04927643586746585,696
80.5,16.25,0.05360521220328365,856
80.5,16.75,0.0529816682652751,706
80.5,17.25,0.049594360597301754,778
80.5,17.75,0.0575133105235623,743
80.5,18.25,0.0527528783526996,590
80.5,18.75,0.0548282622060593,765
80.5,19.25,0.0572784771508131,554
80.5,19.75,0.0585440940731313,559
80.5,20.25,0.055750595893284155,748
80.5,20.75,0.0580875138263669,647
80.5,21.25,0.0594908335996943,749
80.5,21.75,0.05171158639343395,826
80.5,22.25,0.062435330765018,958
80.5,22.75,0.0435426515245447,885
80.5,23.25,0.0501990011130001,1053
80.5,23.75,0.0494385017840138,1142
81.5,0.25,0.04991825711705375,730
81.5,0.75,0.0394123812296029,765
81.5,1.25,0.03923277767302815,828
81.5,1.75,0.03907365657779495,754
81.5,2.25,0.0377563849563771,837
81.5,2.75,0.03494373187656685,828
81.5,3.25,0.03429136106911655,828
81.5,3.75,0.033228210992444995,830
81.5,4.25,0.0377914928965275,838
81.5,4.75,0.0389576667174201,743
81.5,5.25,0.0373177357934064,713
81.5,5.75,0.0394854435584086,717
81.5,6.25,0.04337078390274905,650
81.5,6.75,0.0446220203949275,695
81.5,7.25,0.0428724076518774,647
81.5,7.75,0.0451384126528557,685
81.5,8.25,0.052014911975343595,746
81.5,8.75,0.0426636877892303,769
81.5,9.25,0.0497320720182481,757
81.5,9.75,0.0497310091335419,727
81.5,10.25,0.05219016345157585,794
81.5,10.75,0.053380617691003454,812
81.5,11.25,0.05437194846797515,846
81.5,11.75,0.05533804297256595,848
81.5,12.25,0.0600647583064667,795
81.5,12.75,0.06358096420832224,678
81.5,13.25,0.06601874455979945,640
81.5,13.75,0.062056170974942,577
81.5,14.25,0.05857891271277435,590
81.5,14.75,0.052847105290372454,722
81.5,15.25,0.0565736766581353,656
81.5,15.75,0.0583996932636213,718
81.5,16.25,0.0535717121767961,769
81.5,16.75,0.0522370375664951,707
81.5,17.25,0.0597978555968396,771
81.5,17.75,0.0565129864303249,759
81.5,18.25,0.0588149220740974,683
81.5,18.75,0.0639444203742249,752
81.5,19.25,0.0580257776762627,827
81.5,19.75,0.0566811229031,677
81.5,20.25,0.0516185385973431,734
81.5,20.75,0.055754666162327396,618
81.5,21.25,0.0633972822099169,608
81.5,21.75,0.0462866733752469,577
81.5,22.25,0.05727488005638785,632
81.5,22.75,0.0550988384710717,684
81.5,23.25,0.0530052292954142,567
81.5,23.75,0.05073076936167885,788
82.5,0.25,0.0412525582120552,449
82.5,0.75,0.0460771286953315,529
82.5,1.25,0.0470459617158692,445
82.5,1.75,0.04430093256605825,518
82.5,2.25,0.04781569660407625,578
82.5,2.75,0.0403593003532023,507
82.5,3.25,0.04542541180072805,556
82.5,3.75,0.0354095460525912,559
82.5,4.25,0.0365641886727135,509
82.5,4.75,0.0383112362641644,502
82.5,5.25,0.0348259019445917,505
82.5,5.75,0.0386611402732688,449
82.5,6.25,0.0397815742559514,488
82.5,6.75,0.03831978499881155,518
82.5,7.25,0.03906997176229645,532
82.5,7.75,0.0420602358038755,567
82.5,8.25,0.0430668191118288,557
82.5,8.75,0.0457052358408918,547
82.5,9.25,0.0488069805412694,585
82.5,9.75,0.05742644841686935,522
82.5,10.25,0.0607656804232209,643
82.5,10.75,0.06406065261984825,590
82.5,11.25,0.06354143973489496,652
82.5,11.75,0.0571380282250126,568
82.5,12.25,0.0529760496205068,503
82.5,12.75,0.0687853986482873,527
82.5,13.25,0.0553459633298597,383
82.5,13.75,0.0656468195958923,471
82.5,14.25,0.06420993364180244,408
82.5,14.75,0.05554296265002785,390
82.5,15.25,0.05564159867326535,448
82.5,15.75,0.0563495783108381,458
82.5,16.25,0.05727474109493545,470
82.5,16.75,0.0576246559698606,553
82.5,17.25,0.056286622019906,578
82.5,17.75,0.0631325882158112,667
82.5,18.25,0.06372009556771474,628
82.5,18.75,0.0584498176989118,621
82.5,19.25,0.06216551449526215,608
82.5,19.75,0.054240427679990905,598
82.5,20.25,0.06221931232241365,592
82.5,20.75,0.0560315276719748,535
82.5,21.25,0.0550559923345655,431
82.5,21.75,0.0590681238720601,519
82.5,22.25,0.0628849146169931,429
82.5,22.75,0.05773034893293575,480
82.5,23.25,0.0535872163561866,525
82.5,23.75,0.05319422839206955,422
83.5,0.25,0.04323978970747905,332
83.5,0.75,0.04184693802497225,388
83.5,1.25,0.0448192484366604,322
83.5,1.75,0.036863207522903854,472
83.5,2.25,0.0438053566405156,343
83.5,2.75,0.0336079892836749,415
83.5,3.25,0.043404008928356955,448
83.5,3.75,0.03499305394199685,418
83.5,4.25,0.0338390118707563,481
83.5,4.75,0.0363919714604855,445
83.5,5.25,0.03475137626107545,420
83.5,5.75,0.0362131481793631,371
83.5,6.25,0.03530263495657135,356
83.5,6.75,0.03278035455281955,374
83.5,7.25,0.0357692068007783,316
83.5,7.75,0.043159926836798,348
83.5,8.25,0.0440470538378377,387
83.5,8.75,0.0452083030398726,409
83.5,9.25,0.04252183466305505,386
83.5,9.75,0.0428212246786107,498
83.5,10.25,0.047139173040524,419
83.5,10.75,0.0410224206745584,451
83.5,11.25,0.046821783822021,573
83.5,11.75,0.0452719586457438,417
83.5,12.25,0.0454015603713748,457
83.5,12.75,0.05125637171681435,454
83.5,13.25,0.047930764246395946,302
83.5,13.75,0.04581498464131695,380
83.5,14.25,0.05715742216225765,390
83.5,14.75,0.0526128865627392,331
83.5,15.25,0.0561536780179819,402
83.5,15.75,0.0569730444968029,355
83.5,16.25,0.06326628688562785,406
83.5,16.75,0.057616903795828595,410
83.5,17.25,0.051223315627963145,392
83.5,17.75,0.05865062868262595,512
83.5,18.25,0.05580010805007245,414
83.5,18.75,0.05388043165217625,432
83.5,19.25,0.0593980601615957,455
83.5,19.75,0.06016767214312005,476
83.5,20.25,0.0555259620966476,485
83.5,20.75,0.0505594541472763,491
83.5,21.25,0.0507905363917809,437
83.5,21.75,0.04801221711375055,428
83.5,22.25,0.0490482794807174,349
83.5,22.75,0.0500905209632288,303
83.5,23.25,0.0446440264349503,371
83.5,23.75,0.05341140335823,253
84.5,0.25,0.0378526373101688,435
84.5,0.75,0.0412302933489076,415
84.5,1.25,0.033335985120863595,326
84.5,1.75,0.03868965546829415,422
84.5,2.25,0.0395987708754874,391
84.5,2.75,0.03641225710155625,376
84.5,3.25,0.0354888149676579,406
84.5,3.75,0.0321670709528117,429
84.5,4.25,0.0414058079079146,363
84.5,4.75,0.04688886810720865,442
84.5,5.25,0.04136345825311965,366
84.5,5.75,0.0418833278744282,360
84.5,6.25,0.036936157425417296,318
84.5,6.75,0.04440180817787165,302
84.5,7.25,0.0401766347015131,272
84.5,7.75,0.0458211233559383,270
84.5,8.25,0.0423284413141773,381
84.5,8.75,0.047940494390919505,362
84.5,9.25,0.03549598735562985,364
84.5,9.75,0.047496718630888,383
84.5,10.25,0.0422062365828199,314
84.5,10.75,0.037437921956955,489
84.5,11.25,0.0402426227596705,423
84.5,11.75,0.0410255093824819,508
84.5,12.25,0.04802116519461,531
84.5,12.75,0.0417508029345177,541
84.5,13.25,0.0428258717918838,509
84.5,13.75,0.04644921608154965,492
84.5,14.25,0.04885898379902265,422
84.5,14.75,0.04380206701728325,412
84.5,15.25,0.0533101109498999,422
84.5,15.75,0.05090947207709425,416
84.5,16.25,0.05164419387305335,398
84.5,16.75,0.053831974742093294,346
84.5,17.25,0.0558932666453513,321
84.5,17.75,0.0564405861370197,363
84.5,18.25,0.0534963589863115,359
84.5,18.75,0.0526098204185346,429
84.5,19.25,0.0533118587820965,417
84.5,19.75,0.0598105634995495,313
84.5,20.25,0.0549883740235363,501
84.5,20.75,0.056959401833346,399
84.5,21.25,0.04984846200380175,376
84.5,21.75,0.048447587567637104,426
84.5,22.25,0.04328872021166385,362
84.5,22.75,0.04012534946747465,340
84.5,23.25,0.0440425625378634,434
84.5,23.75,0.0395549894984593,355
85.5,0.25,0.03738342129737535,432
85.5,0.75,0.0390008081217358,403
85.5,1.25,0.0384770272592544,367
85.5,1.75,0.03606153057460715,400
85.5,2.25,0.0348436869600991,403
85.5,2.75,0.0340517849837332,383
85.5,3.25,0.0331505182693517,339
85.5,3.75,0.0342295757540278,337
85.5,4.25,0.0384622650593997,318
85.5,4.75,0.036391376357902794,368
85.5,5.25,0.035731363842593095,474
85.5,5.75,0.0370816681099589,536
85.5,6.25,0.0381179532428799,542
85.5,6.75,0.0377614243663989,503
85.5,7.25,0.0406491524982597,375
85.5,7.75,0.040873489148408,429
85.5,8.25,0.0373866934475524,354
85.5,8.75,0.0375368550841191,377
85.5,9.25,0.0324879612376104,431
85.5,9.75,0.0346526103347996,431
85.5,10.25,0.0343667388118989,384
85.5,10.75,0.0368134141798587,378
85.5,11.25,0.0388817963123729,345
85.5,11.75,0.0420745407078157,349
85.5,12.25,0.0401417929384067,383
85.5,12.75,0.03994053557371685,384
85.5,13.25,0.0453570332266439,409
85.5,13.75,0.0472004484310774,437
85.5,14.25,0.0511758810442456,564
85.5,14.75,0.047869555373270756,464
85.5,15.25,0.0422528451185173,473
85.5,15.75,0.04520505167099585,518
85.5,16.25,0.0475429606226229,442
85.5,16.75,0.05176495912209515,418
85.5,17.25,0.0486686449264455,423
85.5,17.75,0.05728416647033705,470
85.5,18.25,0.05101108306317405,390
85.5,18.75,0.0473225082656242,398
85.5,19.25,0.056435709471351556,400
85.5,19.75,0.048477286214209,441
85.5,20.25,0.05017996301241155,430
85.5,20.75,0.0479827751098945,473
85.5,21.25,0.045878776795652,474
85.5,21.75,0.04751319315902475,458
85.5,22.25,0.0482911665963142,434
85.5,22.75,0.04419357980170805,486
85.5,23.25,0.0429941212637535,396
85.5,23.75,0.0385978778253911,461
86.5,0.25,0.041036152589395,195
86.5,0.75,0.0355994905486134,225
86.5,1.25,0.0370539627123755,209
86.5,1.75,0.0335697816264367,291
86.5,2.25,0.0313487464051311,193
86.5,2.75,0.0321230618355529,252
86.5,3.25,0.0305355303590034,238
86.5,3.75,0.0295134093476175,289
86.5,4.25,0.0315639560622197,278
86.5,4.75,0.03092625375630105,234
86.5,5.25,0.03221252911899465,266
86.5,5.75,0.0351775349269243,239
86.5,6.25,0.03744352990652065,232
86.5,6.75,0.034384538405932,248
86.5,7.25,0.040688709183885,232
86.5,7.75,0.0315369847327165,217
86.5,8.25,0.0391214818675881,197
86.5,8.75,0.0369616255061125,209
86.5,9.25,0.0318700894284077,225
86.5,9.75,0.0327057334619507,224
86.5,10.25,0.0282217314173165,261
86.5,10.75,0.0347809110429663,236
86.5,11.25,0.0393087186209433,200
86.5,11.75,0.0350347539319484,165
86.5,12.25,0.043002723466895806,156
86.5,12.75,0.0383084921390509,149
86.5,13.25,0.042008571131930905,148
86.5,13.75,0.0385722278127057,193
86.5,14.25,0.0438003283372916,242
86.5,14.75,0.04399788085140375,214
86.5,15.25,0.0390741741998547,239
86.5,15.75,0.0452441691780294,232
86.5,16.25,0.04210842624886795,246
86.5,16.75,0.0474737860098549,232
86.5,17.25,0.0432201879127007,239
86.5,17.75,0.044425924914735196,330
86.5,18.25,0.0453621989503491,243
86.5,18.75,0.0416969350589369,289
86.5,19.25,0.04480826530128125,276
86.5,19.75,0.0434016598570573,221
86.5,20.25,0.040508629547222,176
86.5,20.75,0.0387549027919128,216
86.5,21.25,0.047092718110353704,200
86.5,21.75,0.04245877659396275,224
86.5,22.25,0.0426417856810206,240
86.5,22.75,0.04055070667222585,238
86.5,23.25,0.04247539221917225,174
86.5,23.75,0.04047206320327845,160
87.5,0.25,0.03268877851140015,140
87.5,0.75,0.0352619447874809,158
87.5,1.25,0.03410215595354265,172
87.5,1.75,0.0319885167399297,145
87.5,2.25,0.0298671668885844,135
87.5,2.75,0.03367438925309685,128
87.5,3.25,0.0293244908319444,95
87.5,3.75,0.030762880051056,121
87.5,4.25,0.032033345845628,130
87.5,4.75,0.0294294354007353,103
87.5,5.25,0.0308206334068774,107
87.5,5.75,0.0324443181782678,108
87.5,6.25,0.0276121194777676,129
87.5,6.75,0.031225038891928,154
87.5,7.25,0.034044206123892556,158
87.5,7.75,0.0335537787110112,138
87.5,8.25,0.0338746632629641,127
87.5,8.75,0.0307731473559112,125
87.5,9.25,0.0350509164235076,105
87.5,9.75,0.0327499829155576,128
87.5,10.25,0.0326336118425761,177
87.5,10.75,0.0310256872782992,127
87.5,11.25,0.0350357670597503,168
87.5,11.75,0.0365936281550338,116
87.5,12.25,0.0386237846197291,89
87.5,12.75,0.0356747101054747,117
87.5,13.25,0.03696489155130665,146
87.5,13.75,0.0381909877453522,150
87.5,14.25,0.0416985040210694,109
87.5,14.75,0.0392396874694456,109
87.5,15.25,0.0471017561570069,117
87.5,15.75,0.0395654751718858,112
87.5,16.25,0.0338358410656681,109
87.5,16.75,0.0439616390798731,119
87.5,17.25,0.03582988645426375,112
87.5,17.75,0.0370966682438385,107
87.5,18.25,0.03312990732188535,134
87.5,18.75,0.032790908748936504,140
87.5,19.25,0.0431406150194345,137
87.5,19.75,0.04051687463851095,112
87.5,20.25,0.035108865888536,83
87.5,20.75,0.0395013020700623,106
87.5,21.25,0.04127108109022885,56
87.5,21.75,0.0373210543048473,121
87.5,22.25,0.03678241707221225,112
87.5,22.75,0.0387925247457458,125
87.5,23.25,0.038173592889559654,130
87.5,23.75,0.03763162357179455,130
88.5,0.25,0.0433422224702808,79
88.5,0.75,0.02821809756356115,90
88.5,1.25,0.0344497683361917,106
88.5,1.75,0.03470475724308755,56
88.5,2.25,0.0256169410846841,54
88.5,2.75,0.0297088786180505,31
88.5,3.25,0.03634987763083695,32
88.5,3.75,0.039342588496084296,34
88.5,4.25,0.03430537224784895,48
88.5,4.75,0.0391154896151431,61
88.5,5.25,0.0367494994907591,37
88.5,5.75,0.0330601585752369,49
88.5,6.25,0.031655380854026104,36
88.5,6.75,0.0314249595521103,53
88.5,7.25,0.030689985384725497,88
88.5,7.75,0.0369114228277112,91
88.5,8.25,0.03035044273764765,100
88.5,8.75,0.03500147126940879,82
88.5,9.25,0.02948878572581705,94
88.5,9.75,0.027731221527823,84
88.5,10.25,0.0408215220027393,101
88.5,10.75,0.0351958666609554,134
88.5,11.25,0.0350556327309408,131
88.5,11.75,0.030762880051056,115
88.5,12.25,0.037771264231824905,140
88.5,12.75,0.036233103262059,159
88.5,13.25,0.037050345617698044,150
88.5,13.75,0.0377353328302649,146
88.5,14.25,0.0339427555013871,97
88.5,14.75,0.0481495906307581,77
88.5,15.25,0.03553450739844715,72
88.5,15.75,0.035108865888536,53
88.5,16.25,0.0297393406723541,52
88.5,16.75,0.0305178504594138,40
88.5,17.25,0.03206420444373215,48
88.5,17.75,0.0308083432620597,46
88.5,18.25,0.03471500503143515,56
88.5,18.75,0.0360773928731833,62
88.5,19.25,0.0349698058948019,71
88.5,19.75,0.03391155678379595,94
88.5,20.25,0.0305239755110692,65
88.5,20.75,0.0415850717619086,95
88.5,21.25,0.0387409276351737,108
88.5,21.75,0.0411143297905224,95
88.5,22.25,0.0372813871900481,133
88.5,22.75,0.03884605672857355,114
88.5,23.25,0.0369521192960049,69
88.5,23.75,0.0305816138534985,129
89.5,0.25,0.0320292856973432,39
89.5,0.75,0.0316578652998426,46
89.5,1.25,0.0370258360110987,31
89.5,1.75,0.0308046797436834,47
89.5,2.25,0.0302265949116745,37
89.5,2.75,0.025565411930214152,34
89.5,3.25,0.0228139832058503,25
89.5,3.75,0.03127282368394805,28
89.5,4.25,0.0272219673383843,19
89.5,4.75,0.0336572115668066,25
89.5,5.25,0.026724628797031552,30
89.5,5.75,0.0446700352297823,25
89.5,6.25,0.030604230551738998,18
89.5,6.75,0.0377663527313206,27
89.5,7.25,0.02997151519521385,24
89.5,7.75,0.0349480165544139,22
89.5,8.25,0.0400067325977837,35
89.5,8.75,0.03850462994005615,40
89.5,9.25,0.0342578506411506,41
89.5,9.75,0.037722069318403204,46
89.5,10.25,0.031038998290848302,58
89.5,10.75,0.0351236929873377,53
89.5,11.25,0.032732957760838996,56
89.5,11.75,0.0389319387194357,77
89.5,12.25,0.0459287870376997,69
89.5,12.75,0.0343590658679546,77
89.5,13.25,0.036960481830327796,56
89.5,13.75,0.034655264711643846,76
89.5,14.25,0.0357074841674175,50
89.5,14.75,0.0317948504895807,43
89.5,15.25,0.033576492533593155,42
89.5,15.75,0.0332108001528288,45
89.5,16.25,0.037868716713752595,36
89.5,16.75,0.0336650385464387,49
89.5,17.25,0.038660548158992156,42
89.5,17.75,0.027766406685152,33
89.5,18.25,0.033262188451880545,28
89.5,18.75,0.03907033899834565,22
89.5,19.25,0.0349381565828825,30
89.5,19.75,0.052383791044549,23
89.5,20.25,0.0372940952535865,32
89.5,20.75,0.03984397488183705,42
89.5,21.25,0.0357973346793252,43
89.5,21.75,0.0363116080398027,45
89.5,22.25,0.0330154687626934,40
89.5,22.75,0.037240324517023554,64
89.5,23.25,0.034532070849573646,54
89.5,23.75,0.034411150455758446,58
